"USPS","geoid","pop2019est"
"TX","48301",169
"HI","15005",86
"TX","48269",272
"TX","48261",404
"NE","31005",463
"NE","31009",465
"MT","30069",487
"NE","31117",494
"NE","31075",623
"NE","31115",664
"TX","48033",654
"NE","31171",722
"AK","02282",579
"NE","31007",745
"NM","35021",625
"CO","08111",728
"TX","48311",743
"CO","08079",769
"MT","30103",696
"ND","38087",750
"NE","31091",682
"NE","31113",748
"NV","32009",873
"ND","38007",928
"TX","48263",762
"NE","31183",783
"NE","31103",806
"CO","08053",820
"MT","30037",821
"TX","48393",854
"NE","31085",922
"AK","02230",1183
"ID","16033",845
"TX","48443",776
"AK","02060",836
"SD","46075",903
"MT","30109",969
"UT","49009",950
"ID","16025",1106
"TX","48431",1291
"MT","30011",1252
"CA","06003",1129
"MT","30079",1077
"MT","30033",1258
"TX","48345",1200
"TX","48173",1409
"KS","20071",1232
"SD","46063",1298
"NE","31165",1166
"ND","38083",1315
"TX","48155",1155
"SD","46119",1391
"CO","08057",1392
"CO","08061",1406
"MS","28055",1327
"SD","46069",1301
"OR","41069",1332
"SD","46021",1376
"KS","20199",1518
"TX","48433",1350
"TX","48101",1398
"NE","31149",1357
"UT","49031",1479
"TX","48235",1536
"AK","02164",1592
"TX","48045",1546
"TX","48447",1501
"ND","38033",1761
"GA","13265",1537
"MT","30055",1664
"MT","30075",1682
"KS","20101",1535
"MT","30019",1690
"OR","41055",1780
"AK","02068",2097
"CO","08017",1831
"ND","38065",1959
"OR","41021",1912
"KS","20033",1700
"MT","30059",1862
"TX","48011",1887
"SD","46017",1962
"KS","20083",1794
"SD","46055",1899
"NE","31049",1794
"ND","38013",2115
"ND","38091",1890
"NV","32011",2029
"ND","38047",1850
"TX","48137",1932
"NE","31057",1693
"NM","35011",1748
"NE","31073",1990
"SD","46095",2061
"NE","31071",1969
"TX","48359",2112
"NE","31069",1837
"CO","08033",2055
"ND","38023",2264
"SD","46073",2013
"MT","30045",2007
"NE","31015",1919
"AK","02105",2148
"MI","26083",2116
"MT","30107",2126
"MO","29227",2013
"KS","20025",1994
"KS","20203",2119
"KS","20187",2006
"TX","48327",2138
"ND","38095",2189
"UT","49033",2483
"WA","53023",2225
"KY","21201",2108
"VA","51091",2190
"SD","46107",2153
"MT","30051",2337
"TX","48243",2274
"ND","38001",2216
"SD","46111",2344
"SD","46049",2299
"AK","02275",2502
"CO","08115",2248
"ND","38027",2287
"SD","46097",2216
"ND","38037",2274
"TX","48109",2171
"ND","38039",2231
"ND","38043",2480
"TX","48125",2211
"SD","46089",2379
"ND","38075",2327
"OK","40025",2137
"ND","38041",2499
"WY","56027",2356
"AK","02100",2530
"GA","13239",2299
"KS","20153",2530
"NE","31077",2356
"KS","20097",2475
"KS","20179",2521
"KS","20065",2482
"KS","20075",2539
"KS","20063",2636
"SD","46003",2751
"KS","20023",2657
"KS","20109",2794
"NE","31063",2627
"NE","31133",2613
"UT","49055",2711
"KS","20017",2648
"GA","13307",2607
"SD","46137",2756
"ND","38051",2497
"KS","20049",2530
"MT","30025",2846
"ID","16023",2597
"NE","31087",2762
"OK","40057",2653
"KS","20039",2827
"SD","46117",3098
"NE","31135",2891
"SD","46105",2865
"KS","20195",2803
"SD","46043",2921
"SD","46071",3344
"TX","48421",3022
"KS","20047",2798
"TX","48087",2920
"KS","20089",2879
"MT","30039",3379
"GA","13125",2971
"KS","20135",2750
"ND","38063",2879
"TX","48079",2853
"AK","02013",3337
"NE","31017",2955
"ND","38011",3024
"NE","31163",3001
"GA","13061",2834
"NE","31061",2979
"KS","20129",2587
"CA","06091",3005
"KS","20105",2962
"TX","48295",3233
"KS","20165",3036
"KS","20207",3138
"TX","48385",3452
"TX","48081",3387
"SD","46061",3453
"ND","38031",3210
"TX","48191",2964
"TX","48461",3657
"TX","48383",3849
"TX","48417",3265
"MT","30091",3309
"NE","31083",3380
"SD","46007",3365
"SD","46059",3191
"GA","13007",3038
"TX","48413",2793
"TX","48229",4886
"CO","08023",3887
"ND","38025",4424
"ND","38029",3241
"MN","27155",3259
"TX","48271",3667
"OK","40129",3583
"MT","30097",3737
"KS","20019",3250
"TX","48129",3278
"OK","40059",3688
"SD","46025",3736
"TX","48105",3464
"TX","48275",3664
"NM","35003",3527
"TX","48023",3509
"NE","31125",3519
"SD","46085",3781
"MO","29129",3617
"CO","08009",3581
"TX","48211",3819
"NE","31181",3487
"AK","02195",3266
"ID","16061",3838
"NE","31105",3632
"ND","38081",3898
"KS","20183",3583
"KS","20141",3421
"VA","51720",3981
"NE","31029",3924
"TX","48151",3830
"ID","16003",4294
"KS","20093",3838
"WA","53069",4488
"ND","38019",3762
"NV","32029",4123
"TX","48319",4274
"IA","19003",3602
"GA","13101",4006
"MN","27077",3740
"SD","46031",4086
"SD","46045",3829
"WA","53013",3985
"TX","48095",2726
"MN","27125",4055
"TX","48435",3776
"MO","29103",3959
"ND","38045",4046
"TX","48197",3933
"OK","40045",3859
"ND","38085",4230
"ND","38103",3834
"MT","30061",4397
"WI","55078",4556
"MT","30071",3954
"CO","08027",5068
"KS","20081",3968
"NE","31175",4158
"SD","46053",4185
"ID","16071",4531
"IL","17069",3821
"ND","38069",3975
"SD","46039",4351
"ID","16037",4315
"TX","48103",4797
"NC","37177",4016
"WI","55037",4295
"MO","29197",4660
"CO","08091",4952
"KS","20185",4156
"CO","08095",4265
"IL","17151",4177
"NE","31129",4148
"OK","40053",4333
"MT","30065",4633
"NM","35059",4059
"MN","27069",4298
"KS","20119",4033
"TX","48267",4337
"SD","46091",4935
"NM","35019",4300
"VA","51017",4147
"KY","21189",4415
"NV","32021",4505
"TX","48317",5771
"OK","40043",4891
"WY","56017",4413
"CO","08121",4908
"NY","36041",4416
"MO","29199",4902
"AK","02070",4916
"KS","20007",4427
"NM","35033",4521
"NM","35023",4198
"KY","21105",4380
"MO","29087",4403
"MS","28125",4321
"KS","20171",4823
"TX","48333",4873
"NE","31065",4676
"MO","29171",4696
"KS","20157",4636
"GA","13249",5257
"NE","31123",4642
"TN","47137",5048
"PA","42023",4447
"IL","17013",4739
"KY","21039",4760
"IA","19159",4894
"SD","46077",4939
"UT","49017",5051
"MN","27031",5463
"KS","20163",4920
"VA","51045",5131
"ID","16063",5366
"NE","31097",5071
"NE","31169",5003
"TX","48119",5331
"LA","22107",4334
"SD","46015",5297
"MN","27011",4991
"ND","38021",4872
"TX","48247",5200
"SD","46041",5892
"MT","30101",4736
"NV","32017",5183
"IL","17171",4951
"AR","05013",5189
"ND","38049",5745
"NE","31143",5213
"TX","48483",5056
"MN","27087",5527
"SD","46129",5435
"CO","08047",6243
"ND","38073",5218
"CO","08073",5701
"NE","31161",5246
"NE","31011",5192
"TN","47175",5872
"AK","02198",6203
"AK","02016",5634
"AK","02290",5230
"IL","17059",4828
"MT","30007",6237
"TX","48195",5399
"SD","46087",5586
"OK","40007",5311
"KS","20147",5234
"OK","40003",5702
"SD","46123",5441
"KS","20137",5361
"MO","29005",5143
"SD","46037",5424
"NE","31031",5689
"WV","54105",5821
"KS","20189",5485
"NV","32015",5532
"KS","20201",5406
"NC","37095",4937
"MT","30015",5635
"CO","08025",6061
"GA","13301",5254
"NE","31059",5462
"MN","27081",5639
"TX","48207",5658
"SD","46057",6164
"TX","48305",5951
"WI","55051",5687
"KS","20127",5620
"OK","40029",5495
"VA","51595",5346
"VA","51580",5538
"ID","16007",6125
"IL","17175",5342
"NE","31051",5636
"IL","17155",5739
"KS","20069",5988
"KS","20181",5917
"MN","27051",5972
"KS","20077",5436
"GA","13259",6621
"TX","48107",5737
"TX","48205",5576
"MT","30099",6147
"KS","20143",5704
"CO","08109",6824
"IA","19009",5496
"GA","13201",5718
"IN","18115",5875
"NE","31167",5920
"TX","48411",6055
"MT","30073",5911
"IL","17153",5335
"TX","48065",5926
"OK","40033",5666
"VA","51515",6222
"OK","40055",5712
"MO","29035",5982
"NE","31093",6445
"KY","21165",6489
"VT","50009",6163
"IA","19173",6121
"ND","38053",15024
"TN","47127",6488
"KS","20123",5979
"MO","29205",5930
"IA","19185",6441
"SD","46115",6376
"PA","42113",6066
"ND","38009",6282
"TX","48153",5712
"TX","48169",6229
"IA","19143",5958
"OK","40067",6002
"SD","46101",6576
"NE","31099",6495
"MT","30005",6681
"KS","20053",6102
"CO","08011",5577
"NE","31035",6203
"MN","27167",6207
"UT","49001",6710
"MI","26095",6229
"VA","51530",6478
"ND","38005",6832
"CO","08103",6324
"NE","31003",6298
"KS","20073",5982
"GA","13037",6189
"MO","29179",6270
"TX","48111",7287
"CO","08055",6897
"MO","29211",6089
"IL","17047",6395
"MO","29075",6571
"NV","32027",6725
"MI","26131",5720
"GA","13065",6618
"KY","21075",5969
"TN","47067",6620
"VA","51021",6280
"LA","22023",6973
"MN","27107",6375
"KY","21057",6614
"NE","31021",6459
"GA","13263",6195
"GA","13283",6901
"TX","48283",7520
"IL","17009",6578
"NE","31173",7224
"VA","51097",7025
"ID","16029",7155
"KS","20167",6856
"VT","50013",7235
"KS","20145",6414
"OR","41063",7208
"MT","30077",6890
"ID","16015",7831
"AK","02240",6893
"TX","48075",7306
"VA","51640",6347
"VA","51678",7446
"KS","20197",6931
"VA","51181",6422
"SD","46009",6901
"WY","56011",7584
"IA","19093",6860
"SD","46047",6713
"TX","48495",8010
"UT","49025",7886
"KY","21181",7269
"MO","29045",6797
"WV","54093",6839
"TX","48017",7000
"WY","56045",6927
"TX","48175",7658
"TX","48047",7093
"NE","31127",6972
"VA","51036",6963
"MN","27073",6623
"AR","05147",6320
"NE","31139",7148
"CO","08065",8127
"IA","19151",6619
"IL","17071",6646
"SD","46067",7291
"KY","21237",7157
"SD","46051",7052
"CO","08113",8179
"MT","30105",7396
"VA","51157",7370
"TX","48391",6948
"ND","38067",6801
"GA","13309",7855
"OR","41025",7393
"IA","19071",6960
"OR","41023",7199
"AK","02270",7459
"WI","55091",7287
"IN","18161",7054
"AK","02188",7621
"OK","40093",7629
"IL","17169",6768
"NE","31095",7046
"WA","53019",7627
"IA","19177",7044
"IA","19195",7381
"WV","54073",7460
"WV","54013",7109
"AR","05073",6624
"ND","38061",10545
"IA","19001",7152
"MT","30057",8600
"WV","54071",6969
"PA","42053",7247
"GA","13243",6778
"MS","28063",6990
"LA","22035",6861
"ID","16077",7681
"TX","48377",6704
"KS","20067",7150
"MO","29041",7426
"TN","47095",7016
"NE","31121",7755
"KY","21063",7517
"TX","48437",7397
"KS","20095",7152
"TN","47027",7615
"TN","47169",11284
"TX","48501",8713
"MO","29057",7561
"KY","21129",7403
"OR","41037",7869
"KS","20193",7777
"TN","47135",8076
"ID","16059",8027
"KS","20043",7600
"IA","19135",7707
"OK","40141",7250
"GA","13181",7921
"TX","48069",7530
"KS","20003",7858
"AR","05039",7009
"MS","28037",7713
"ND","38097",8036
"AR","05095",6701
"AR","05129",7881
"WV","54017",8448
"SD","46033",8972
"MS","28119",6792
"IL","17003",5761
"KY","21007",7888
"CO","08021",8205
"CO","08063",7097
"TX","48307",7984
"KY","21143",8210
"AR","05101",7753
"GA","13165",8676
"SD","46125",8384
"NE","31147",7865
"FL","12077",8354
"NE","31101",8034
"GA","13003",8165
"NE","31023",8016
"ND","38057",8187
"TN","47083",8201
"MO","29061",8278
"AZ","04011",9498
"MO","29203",8166
"IL","17065",8116
"IA","19053",7870
"MI","26153",8094
"KY","21023",8303
"TX","48425",9128
"IN","18171",8265
"TX","48193",8461
"WY","56043",7805
"KS","20027",8002
"MS","28019",8210
"KY","21091",8722
"WY","56019",8445
"VA","51620",7967
"KY","21077",8869
"KS","20031",8179
"MI","26135",8241
"WY","56031",8393
"AR","05025",7956
"WV","54021",7823
"MN","27029",8818
"NE","31107",8332
"AR","05117",8062
"WV","54075",8247
"MN","27101",8194
"GA","13253",8090
"MS","28009",8259
"GA","13197",8359
"IA","19051",9000
"ID","16035",8756
"KY","21223",8471
"MO","29137",8644
"NE","31027",8402
"IN","18007",8748
"MI","26013",8209
"NC","37075",8441
"TX","48405",8237
"FL","12067",8422
"OK","40151",8793
"AK","02220",8493
"TX","48083",8175
"IA","19117",8600
"GA","13269",8020
"GA","13287",7985
"MO","29081",8352
"ND","38055",9450
"MT","30021",8613
"VA","51115",8834
"AR","05099",8252
"GA","13289",8120
"NM","35037",8253
"TX","48237",8935
"AL","01063",8111
"TX","48009",8553
"CO","08019",9700
"LA","22081",8442
"MT","30095",9642
"GA","13209",9172
"NE","31081",9324
"SD","46023",9292
"NE","31039",8846
"WV","54101",8114
"MO","29125",8697
"NE","31045",8589
"NE","31137",9034
"WV","54095",8591
"UT","49019",9754
"TX","48043",9203
"MT","30087",8937
"IA","19133",8615
"MT","30001",9453
"VA","51159",9023
"GA","13315",8635
"ID","16009",9298
"IA","19039",9395
"MO","29033",8679
"MT","30023",9140
"WI","55041",9004
"GA","13273",8531
"KY","21055",8806
"IA","19073",8888
"MS","28053",8064
"WV","54015",8508
"TX","48335",8545
"KS","20205",8525
"IA","19147",8886
"OK","40085",10253
"MO","29025",9020
"GA","13141",8457
"AK","02185",9832
"MN","27089",9336
"OK","40075",8708
"UT","49029",12124
"AR","05097",8986
"AK","02180",10004
"KY","21139",9194
"KY","21149",9207
"KS","20029",8786
"GA","13155",9416
"GA","13319",8954
"IA","19089",9158
"NE","31179",9385
"MN","27117",9126
"MI","26003",9108
"MS","28021",8988
"SD","46121",10177
"MO","29085",9544
"TX","48429",9366
"AK","02261",9202
"KS","20107",9703
"KS","20151",9164
"IA","19025",9668
"CA","06049",8841
"MN","27133",9315
"IL","17079",9610
"MO","29153",9174
"MN","27149",9805
"MT","30083",10803
"MI","26119",9328
"MN","27151",9266
"MO","29185",9397
"IA","19091",9558
"ID","16085",11392
"MS","28157",8630
"GA","13167",9643
"NC","37029",10867
"KS","20013",9564
"TX","48127",10124
"NE","31033",8910
"NV","32033",9580
"CO","08125",10019
"VA","51049",9932
"GA","13173",10423
"MT","30009",10725
"KS","20159",9537
"KY","21169",10071
"SD","46019",10429
"KS","20117",9707
"LA","22021",9918
"MO","29089",10001
"SD","46109",10394
"NC","37103",9419
"MO","29173",10309
"ID","16081",12142
"MA","25019",11399
"KS","20131",10231
"ID","16087",10194
"MO","29111",9776
"TX","48357",9836
"SC","45065",9463
"UT","49023",12017
"WY","56035",9831
"MS","28155",9689
"MO","29079",9850
"MN","27063",9846
"TX","48369",9605
"KY","21053",10218
"IA","19063",9208
"IN","18101",10255
"IA","19161",9721
"LA","22025",9494
"SC","45005",8688
"AR","05077",8857
"MT","30085",11004
"NE","31089",10067
"MN","27173",9709
"AR","05105",10455
"WV","54085",9554
"MS","28069",9742
"GA","13281",12037
"TX","48031",11931
"TX","48399",10264
"IA","19107",10246
"NE","31037",10709
"OK","40105",10076
"TX","48315",9854
"WA","53043",10939
"NC","37043",11231
"AL","01105",8923
"GA","13317",9777
"MS","28015",9947
"TX","48159",10725
"IN","18155",10751
"MO","29093",10125
"TX","48475",11998
"IA","19069",10070
"IN","18025",10577
"IA","19137",9917
"TX","48077",10471
"IA","19131",10586
"MS","28143",9632
"KY","21041",10631
"TX","48403",10542
"KY","21187",10901
"IA","19189",10354
"MN","27075",10641
"MO","29149",10529
"AL","01011",10101
"TX","48379",12514
"MS","28097",9775
"NE","31041",10777
"MI","26001",10405
"IA","19077",10689
"OK","40069",11085
"VA","51119",10582
"KY","21171",10650
"ID","16021",12245
"UT","49015",10012
"MN","27121",11249
"GA","13043",10803
"GA","13109",10654
"GA","13099",10190
"IL","17035",10766
"NE","31145",10724
"ND","38003",10415
"WA","53059",12083
"GA","13005",11164
"MI","26097",10799
"ND","38099",10641
"VA","51057",10953
"OK","40077",10073
"NC","37005",11137
"OR","41049",11603
"SD","46079",12797
"LA","22091",10132
"MN","27165",10897
"AR","05127",10281
"KY","21087",10941
"GA","13053",10907
"AR","05109",10718
"AL","01085",9726
"NE","31013",10783
"KY","21131",9877
"IA","19081",10630
"IA","19115",11035
"VA","51103",10603
"MT","30043",12221
"MT","30089",12113
"ND","38071",11519
"AR","05011",10763
"ID","16073",11823
"TX","48297",12207
"AL","01037",10663
"MI","26085",11853
"MS","28103",10417
"FL","12037",12125
"OK","40103",11131
"OK","40127",11096
"IA","19119",11755
"MT","30027",11050
"KY","21011",12500
"LA","22123",10830
"OK","40149",10916
"TN","47087",11786
"WY","56003",11790
"AL","01131",10373
"TX","48507",11840
"MN","27033",11196
"MT","30017",11402
"KY","21229",12095
"TN","47121",12422
"TN","47039",11663
"TX","48131",11157
"AR","05017",10118
"MI","26071",11066
"GA","13149",11923
"WV","54023",11568
"OK","40011",9429
"IL","17185",11520
"CO","08105",11267
"NM","35051",10791
"GA","13235",11137
"IA","19035",11235
"CO","08007",14029
"VA","51183",11159
"LA","22065",10951
"VA","51735",12271
"KY","21061",12150
"TN","47101",12268
"IA","19165",11454
"GA","13049",13392
"OK","40107",11993
"NC","37073",11562
"MO","29123",12088
"MO","29139",11551
"VA","51081",11336
"AR","05049",12477
"MS","28111",11973
"VA","51133",12095
"VA","51610",14617
"MO","29017",12133
"VA","51131",11710
"AR","05137",12506
"TX","48063",13094
"MO","29011",11754
"IA","19037",11933
"MN","27023",11800
"IA","19075",12232
"KY","21219",12294
"MS","28065",11128
"UT","49027",13188
"IA","19175",12241
"CO","08099",12172
"IL","17087",12417
"VA","51037",11880
"KY","21197",12359
"GA","13079",12404
"IL","17123",11438
"TX","48445",12337
"KS","20115",11884
"MS","28161",12108
"KY","21031",12879
"VA","51007",13145
"IL","17129",12196
"MO","29115",11920
"ID","16079",12882
"IN","18009",11758
"OK","40061",12627
"ID","16041",13876
"IN","18125",12389
"TX","48387",12023
"MT","30003",13319
"TN","47007",15064
"FL","12043",13811
"IA","19007",12426
"MO","29063",12547
"VA","51111",12196
"KY","21159",11195
"MS","28077",12586
"TX","48343",12388
"KY","21033",12747
"WA","53051",13724
"AR","05041",11361
"GA","13023",12873
"MS","28005",12297
"NC","37137",12726
"AR","05081",12259
"AL","01035",12067
"NC","37187",11580
"IA","19197",12562
"ID","16043",13099
"WY","56015",13211
"VA","51113",13261
"MN","27071",12229
"TN","47161",13715
"KY","21153",12161
"KS","20001",12369
"MI","26141",12592
"MT","30035",13753
"IN","18131",12353
"OH","39163",13085
"NC","37143",13463
"KS","20085",13171
"AK","02130",13901
"OK","40099",14073
"KY","21109",13329
"WV","54063",13275
"MO","29223",12873
"TX","48487",12769
"TX","48059",13943
"SD","46113",13586
"WI","55011",13031
"AK","02150",12998
"KY","21233",12942
"IL","17017",12147
"TX","48313",14284
"NE","31185",13679
"MO","29067",13185
"AR","05065",13629
"TN","47061",13427
"NM","35007",11941
"AL","01119",12427
"TX","48389",15976
"CA","06105",12285
"AR","05061",13202
"CO","08081",13283
"TN","47015",14678
"IL","17025",13184
"VA","51690",12554
"TX","48115",12728
"WY","56009",13822
"MN","27159",13682
"AL","01023",12589
"SD","46027",14070
"KY","21135",13275
"KY","21025",12630
"MO","29151",13615
"IL","17061",12969
"GA","13159",14219
"AL","01041",13772
"KY","21175",13309
"WV","54089",12573
"MN","27113",14119
"AL","01027",13235
"ND","38079",14176
"IA","19029",12836
"TX","48093",13635
"TX","48279",12893
"NC","37173",14271
"MO","29039",14349
"OK","40063",13279
"TX","48505",14179
"WV","54031",13776
"VA","51043",14619
"VA","51830",14954
"MI","26039",14029
"TX","48239",14760
"IL","17053",12961
"MO","29181",13288
"TN","47153",15026
"AR","05079",13024
"WI","55099",13351
"OK","40005",13758
"KY","21123",14398
"NE","31151",14224
"CA","06051",14444
"IN","18111",13984
"VA","51685",17478
"IA","19005",13687
"GA","13191",14378
"KY","21221",14651
"KY","21069",14581
"LA","22013",13241
"MO","29133",13180
"IA","19141",13753
"SD","46127",15932
"MS","28041",13586
"TX","48351",13595
"GA","13183",19559
"WV","54007",13957
"MN","27043",13653
"AL","01075",13805
"TX","48455",14651
"TN","47033",14230
"GA","13251",13966
"FL","12013",14105
"OH","39111",13654
"OH","39121",14424
"IL","17193",13537
"IL","17125",13359
"KY","21065",14106
"IL","17189",13887
"GA","13193",12947
"UT","49037",15308
"WI","55107",14178
"FL","12065",14246
"TX","48003",18705
"NC","37041",13943
"FL","12047",14428
"TX","48255",15601
"CO","08049",15734
"PA","42057",14530
"IL","17139",14501
"MI","26113",15118
"IA","19023",14439
"KY","21191",14590
"LA","22059",14892
"GA","13221",15259
"GA","13093",13390
"WV","54087",13688
"IA","19085",14049
"MS","28013",14361
"AL","01029",14910
"VA","51011",15911
"KY","21225",14381
"WI","55007",15036
"VA","51125",14930
"OK","40035",14142
"OK","40073",15765
"OH","39115",14508
"IA","19129",15109
"GA","13161",15115
"KS","20011",14534
"SC","45017",14553
"MO","29117",15227
"OK","40023",14672
"TX","48353",14714
"MO","29073",14706
"MN","27143",14865
"IN","18013",15092
"VA","51063",15749
"LA","22127",13904
"CO","08051",17462
"MS","28135",13809
"IL","17015",14305
"WI","55077",15574
"KY","21103",16126
"IL","17127",13772
"MS","28147",14286
"CO","08003",16233
"WI","55013",15414
"ID","16047",15179
"CO","08071",14506
"TX","48371",15823
"VA","51077",15550
"FL","12125",15237
"IA","19109",14813
"MO","29121",15117
"NC","37121",14964
"MO","29135",16132
"LA","22125",15568
"MN","27135",15165
"MT","30067",16606
"MO","29065",15573
"IA","19079",14773
"IA","19121",16338
"AR","05087",16576
"MN","27129",14548
"NE","31131",16012
"AL","01065",14651
"WA","53055",17582
"OK","40095",16931
"VA","51135",15232
"KY","21127",15317
"FL","12045",13639
"OH","39067",15040
"WY","56007",14800
"MI","26011",14883
"VA","51051",14318
"WI","55129",15720
"IA","19145",15107
"VA","51101",17148
"IN","18159",15148
"KY","21045",16159
"SC","45009",14066
"GA","13133",18324
"MN","27127",15170
"AR","05021",14551
"MT","30041",16484
"OR","41001",16124
"WI","55003",15562
"MN","27001",15886
"CO","08093",18845
"IN","18165",15498
"IL","17159",15513
"MN","27065",16337
"GA","13027",15457
"VA","51005",14860
"ID","16049",16667
"LA","22049",15744
"GA","13241",17137
"KS","20139",15949
"IA","19067",15642
"ND","38077",16177
"IL","17023",15441
"KY","21119",14806
"IA","19095",16184
"WV","54041",15907
"NM","35057",15461
"VA","51750",18249
"FL","12029",16826
"MI","26053",13975
"IL","17149",15561
"IL","17131",15437
"TN","47005",16160
"MS","28129",15916
"GA","13271",15860
"KS","20133",16007
"NV","32013",16831
"MA","25007",17332
"WI","55113",16558
"IL","17039",15638
"OK","40117",16376
"WV","54103",15065
"WV","54001",16441
"TX","48287",17239
"TX","48395",17074
"GA","13083",16116
"WI","55023",16131
"AR","05089",16694
"IA","19041",16016
"IA","19059",17258
"ID","16045",18112
"IL","17147",16344
"MS","28023",15541
"NE","31159",17284
"IL","17191",16215
"MO","29059",16878
"TX","48289",17404
"TN","47139",16832
"IL","17101",15678
"WI","55065",16665
"IA","19101",18295
"WV","54091",16695
"KY","21079",17666
"TX","48415",16703
"KS","20005",16073
"GA","13163",15362
"FL","12041",18582
"AK","02050",18386
"TN","47181",16673
"SD","46065",17526
"MO","29013",16172
"KY","21203",16695
"AR","05133",17007
"KY","21215",19351
"MS","28061",16383
"IA","19047",16820
"TN","47023",17297
"VA","51029",17148
"CO","08097",17767
"MI","26079",18038
"TX","48051",18443
"LA","22027",15670
"GA","13075",17270
"TX","48163",20306
"IN","18045",16346
"AL","01057",16302
"AR","05135",17442
"VA","51071",16720
"MO","29003",17712
"AR","05141",16545
"AL","01067",17205
"KY","21213",18572
"IN","18121",16937
"IN","18139",16581
"MS","28017",17103
"SD","46005",18453
"VA","51570",17370
"AR","05075",16406
"VA","51025",16231
"VA","51193",18015
"PA","42105",16526
"KY","21161",17070
"MI","26019",17766
"TX","48165",21492
"IA","19083",16846
"ME","23021",16785
"WV","54065",17884
"KY","21207",17923
"AL","01129",16326
"MO","29053",17709
"GA","13017",16700
"IL","17187",16844
"IA","19055",17011
"IA","19171",16854
"IL","17005",16426
"MS","28131",18336
"NC","37011",17557
"IL","17181",16653
"CO","08015",20356
"NC","37199",18069
"VA","51520",16762
"AR","05053",18265
"NM","35053",16637
"TX","48145",17297
"GA","13211",19276
"GA","13231",18962
"AR","05037",16419
"NM","35028",19369
"TN","47049",18523
"AR","05121",17958
"AR","05067",16719
"WI","55103",17252
"WY","56023",19830
"AR","05047",17715
"IA","19043",17549
"MO","29186",17894
"KY","21099",19035
"TX","48035",18685
"GA","13001",18386
"TN","47091",17788
"CA","06043",17203
"PA","42093",18230
"MO","29155",15805
"KY","21147",17231
"TN","47171",17883
"GA","13171",19077
"NY","36097",17807
"GA","13011",19234
"VA","51079",19819
"GA","13025",19109
"VA","51127",23091
"VA","51141",17608
"IA","19031",18627
"AR","05043",18219
"MO","29163",18302
"TN","47085",18582
"CA","06027",18039
"TX","48503",18010
"VA","51175",17631
"IL","17045",17161
"TX","48133",18360
"UT","49013",19938
"KY","21001",19202
"TN","47041",20490
"WA","53001",19983
"GA","13229",19465
"TN","47075",17304
"MO","29229",18289
"CO","08089",18278
"KY","21097",18886
"IA","19157",18504
"MO","29143",17076
"MO","29157",19136
"AR","05001",17486
"MN","27055",18600
"WI","55047",18913
"MO","29015",19443
"IL","17067",17708
"TN","47173",19972
"KS","20087",19043
"MN","27161",18612
"TN","47159",20157
"MS","28051",17010
"MS","28159",17955
"SC","45061",16828
"FL","12079",18493
"TX","48285",20154
"GA","13019",19397
"TX","48299",21795
"IN","18123",19169
"TX","48117",18546
"SD","46035",19775
"MS","28007",18174
"MS","28031",18636
"MS","28141",19383
"OH","39125",18672
"TX","48281",21428
"MT","30053",19980
"TX","48337",19818
"AL","01107",19930
"KS","20041",18466
"TX","48177",20837
"TX","48161",19717
"IL","17033",18667
"KY","21155",19273
"IN","18117",19646
"NM","35041",18500
"IA","19097",19439
"SC","45081",20473
"FL","12059",19617
"KY","21003",21315
"WI","55067",19189
"IL","17041",19465
"KY","21017",19788
"CA","06063",18807
"KY","21027",20477
"ID","16067",21039
"OK","40153",20211
"MN","27039",20934
"TX","48123",20160
"IA","19087",19954
"IN","18015",20257
"GA","13105",19194
"MD","24029",19422
"TX","48253",20083
"NE","31177",20729
"OK","40091",19596
"IA","19021",19620
"LA","22037",19135
"WA","53039",22425
"MN","27057",21491
"WI","55053",20643
"TX","48019",23112
"AZ","04012",21108
"NM","35027",19572
"NC","37149",20724
"MO","29141",20627
"WI","55061",20434
"MS","28025",19316
"IA","19105",20681
"OK","40139",19983
"AR","05113",19964
"WI","55119",20343
"LA","22083",20122
"MO","29049",20387
"MS","28153",20183
"NC","37115",21755
"LA","22041",20015
"NE","31155",21578
"UT","49041",21620
"KY","21231",20333
"IA","19027",20165
"LA","22029",19259
"IN","18049",19974
"MN","27091",19683
"MN","27045",21067
"TX","48089",21493
"WI","55001",20220
"IA","19065",19650
"WA","53049",22471
"AL","01013",19448
"IN","18147",20277
"IA","19019",21175
"NC","37185",19731
"OR","41013",24404
"NE","31043",20026
"VA","51820",22630
"AL","01091",18863
"IA","19191",19991
"SC","45049",19222
"ND","38093",20704
"WY","56041",20226
"MO","29217",20563
"GA","13303",20374
"GA","13237",22119
"IN","18075",20436
"AR","05029",20846
"NC","37015",18947
"WY","56039",23464
"KY","21167",21933
"GA","13291",24511
"NC","37079",21069
"ID","16013",23021
"MN","27105",21629
"TX","48057",21290
"UT","49007",20463
"CA","06011",21547
"KY","21005",22747
"WI","55125",22195
"AL","01087",18068
"IN","18153",20669
"IN","18119",20799
"KS","20021",19939
"KS","20149",24383
"KS","20099",19618
"WA","53003",22582
"MN","27157",21627
"GA","13321",20247
"MI","26129",20997
"IA","19183",21965
"MI","26089",21761
"VA","51075",23753
"MS","28101",21018
"OR","41031",24658
"WV","54043",20409
"KY","21051",19901
"AR","05107",17782
"TX","48457",21672
"GA","13091",20605
"AR","05003",19657
"GA","13189",21312
"TX","48341",20940
"MS","28043",20758
"TN","47129",21403
"GA","13199",21167
"TN","47133",22241
"GA","13119",23349
"NC","37131",19483
"LA","22093",21096
"WV","54047",17624
"OK","40009",21859
"TX","48489",21358
"IL","17051",21336
"TX","48233",20938
"AR","05149",21341
"TN","47151",22068
"MS","28139",22015
"TN","47111",24602
"MO","29083",21824
"VA","51163",22573
"LA","22043",22389
"NE","31067",21513
"GA","13085",26108
"OR","41027",23382
"IL","17145",20916
"AR","05083",21466
"IL","17173",21634
"OR","41015",22925
"ID","16053",24412
"IA","19123",22095
"ND","38105",37589
"SD","46135",22814
"TX","48179",21886
"VA","51600",24019
"FL","12123",21569
"MS","28039",24500
"VA","51670",22529
"GA","13107",22646
"AR","05057",21532
"OH","39175",21772
"SC","45011",20866
"ID","16075",23951
"TN","47057",23320
"IL","17085",21235
"OK","40001",22194
"CO","08075",22409
"LA","22111",22108
"LA","22077",21730
"AL","01111",22722
"AL","01007",22394
"TX","48219",23021
"ID","16031",24030
"KS","20175",21428
"IL","17083",21773
"AR","05019",22320
"LA","22075",23197
"AL","01099",20733
"MO","29119",22837
"CO","08039",26729
"IN","18047",22758
"TX","48007",23510
"VA","51169",21566
"MN","27093",23222
"GA","13033",22383
"KY","21205",24460
"CO","08119",25388
"KY","21115",22188
"IN","18149",22995
"VA","51147",22802
"MO","29147",22092
"MO","29195",22761
"TX","48293",23437
"MS","28057",23390
"LA","22007",21891
"GA","13081",22372
"MO","29177",23018
"GA","13205",21863
"CO","08107",25638
"MI","26133",23460
"UT","49051",34091
"NC","37053",27763
"MI","26009",23324
"VA","51099",26836
"GA","13035",24936
"GA","13111",26188
"WI","55049",23678
"NC","37033",22604
"TX","48225",22968
"VA","51790",24932
"OH","39105",22907
"LA","22121",26465
"TX","48365",23194
"WV","54109",20394
"MS","28079",22786
"KY","21183",23994
"SC","45039",22347
"WV","54027",23175
"MI","26109",22780
"VA","51139",23902
"WV","54009",21939
"SD","46081",25844
"VA","51027",21004
"KS","20191",22836
"MI","26137",24668
"IN","18143",23873
"ND","38089",31489
"LA","22085",23884
"WV","54097",24176
"IA","19017",25062
"IN","18041",23102
"VA","51630",29036
"NE","31047",23595
"MI","26143",24019
"VT","50015",25362
"AL","01133",23629
"WI","55137",24443
"NC","37117",22440
"KY","21217",25769
"KY","21133",21553
"AR","05027",23457
"TX","48149",25346
"AR","05111",23528
"WV","54005",21457
"PA","42067",24763
"IN","18181",24102
"KY","21081",25069
"NC","37091",23677
"TN","47081",25178
"MO","29055",23920
"MI","26101",24558
"KY","21137",24549
"MO","29131",25619
"TX","48331",24823
"SC","45053",30073
"VA","51775",25301
"TX","48171",26988
"NV","32001",24909
"MN","27153",24664
"FL","12133",25473
"IL","17165",23491
"KY","21239",26734
"IA","19149",25177
"GA","13131",24633
"NM","35029",23709
"MO","29221",24730
"GA","13147",26205
"OR","41065",26682
"NE","31025",26248
"OR","41057",27036
"MS","28117",25126
"NY","36123",24913
"MO","29175",24748
"SC","45001",24527
"SD","46093",28332
"TX","48419",25274
"OK","40133",24258
"GA","13267",25286
"MO","29007",25388
"CO","08083",26183
"AR","05071",26578
"VA","51105",23423
"MO","29001",25343
"VA","51065",27270
"MI","26051",25449
"IN","18031",26559
"KY","21085",26427
"OR","41061",26835
"LA","22003",25627
"AL","01025",23622
"TN","47185",27345
"MN","27083",25474
"MI","26069",25127
"MN","27015",25008
"IN","18129",25427
"MI","26029",26143
"AR","05023",24919
"AL","01019",26196
"KS","20059",25544
"MO","29215",25398
"GA","13055",24789
"TN","47071",25652
"TN","47109",25694
"IA","19011",25645
"MN","27095",26277
"AR","05103",23382
"ID","16051",29871
"MS","28027",22124
"MI","26031",25276
"MI","26043",25239
"IN","18135",24665
"GA","13257",25925
"VA","51840",28078
"WV","54067",24496
"IA","19015",26234
"TX","48407",28859
"TX","48463",26741
"GA","13207",27578
"OK","40065",24530
"MD","24039",25616
"KY","21173",28157
"MI","26127",26467
"TX","48185",28880
"LA","22031",27463
"WI","55057",26687
"AL","01061",26271
"KY","21141",27102
"WV","54059",23424
"IN","18021",26225
"NC","37007",24446
"SC","45037",27260
"ID","16039",27511
"NY","36049",26296
"MS","28091",24573
"FL","12003",29210
"MS","28145",28815
"GA","13311",30798
"GA","13293",26320
"NM","35006",26675
"GA","13279",26830
"SD","46029",28009
"VT","50019",27037
"TN","47069",25050
"NC","37009",27203
"WV","54053",26516
"NC","37039",28612
"AR","05015",28380
"AL","01005",24686
"OK","40039",29003
"ND","38059",31364
"MS","28127",26658
"OK","40049",27711
"IN","18179",28296
"KS","20009",25779
"GA","13225",27546
"MN","27079",28887
"KY","21043",26797
"FL","12049",26937
"TN","47077",28117
"WI","55029",27668
"NC","37123",27173
"TN","47097",25633
"UT","49039",30939
"GA","13087",26404
"LA","22067",24874
"CO","08117",31011
"VA","51053",28544
"VA","51145",29652
"MS","28163",29690
"TX","48363",29189
"GA","13195",29880
"CA","06021",28393
"CO","08087",29068
"WY","56029",29194
"WV","54057",26868
"OH","39069",27006
"TN","47115",28907
"AR","05123",24994
"IN","18175",28036
"MS","28123",28124
"PA","42131",26794
"GA","13123",31369
"GA","13177",29992
"TX","48015",30032
"KY","21021",30060
"KS","20051",28553
"FL","12007",28201
"TN","47017",27767
"IN","18079",27735
"VA","51033",30725
"OH","39001",27698
"MN","27021",29779
"KY","21163",28572
"CA","06015",27812
"GA","13169",28735
"KY","21013",26032
"MI","26105",29144
"OH","39131",27772
"KY","21193",25758
"WI","55069",27593
"OH","39161",28275
"MT","30047",30458
"GA","13143",29792
"MO","29127",28530
"WI","55121",29649
"IN","18137",28324
"OH","39019",26914
"MS","28137",28321
"VA","51167",26586
"SC","45069",26118
"VT","50017",28892
"SC","45087",27316
"OH","39047",28525
"WY","56033",30485
"KS","20113",28542
"WV","54035",28576
"VA","51197",28684
"KY","21095",26010
"OH","39073",28264
"NM","35047",27277
"WV","54083",28695
"GA","13227",32591
"MS","28029",28065
"MS","28133",25110
"TN","47055",29464
"NM","35017",26998
"MI","26007",28405
"OK","40015",28762
"MS","28099",29118
"IL","17075",27114
"MN","27115",29579
"WI","55123",30822
"WA","53031",32221
"MS","28115",32174
"GA","13187",33610
"MO","29207",29025
"VA","51035",29791
"MD","24023",29014
"GA","13305",29927
"IL","17135",28414
"GA","13029",39627
"IL","17107",28618
"TX","48067",30026
"TN","47117",34375
"WV","54029",28810
"ME","23007",30199
"AL","01093",29709
"FL","12129",33739
"MI","26035",30950
"OH","39053",29898
"CO","08029",31162
"MO","29167",32149
"VT","50005",29993
"MN","27047",30281
"AK","02110",31974
"OR","41045",30571
"NE","31001",31363
"KY","21157",31100
"KY","21177",30622
"LA","22053",31368
"MN","27119",31364
"IN","18027",33351
"AL","01059",31362
"TN","47131",30069
"TN","47143",33167
"OK","40115",31127
"TX","48025",32565
"KY","21121",31145
"PA","42047",29910
"MO","29069",29131
"SD","46011",35077
"GA","13145",35236
"OH","39065",31365
"TX","48273",30680
"SC","45033",30479
"MO","29209",31952
"VA","51173",30104
"TN","47025",31959
"NE","31141",33470
"MS","28001",30693
"MS","28083",28183
"TN","47079",32345
"TX","48449",32750
"VA","51009",31605
"VA","51730",31346
"IN","18077",32308
"MN","27005",34423
"MO","29219",35649
"UT","49047",35734
"IL","17109",29682
"MD","24019",31929
"MI","26047",33415
"MN","27103",34274
"VA","51117",30587
"MI","26165",33631
"NY","36095",30999
"KS","20121",34237
"GA","13219",40280
"GA","13261",29524
"ME","23029",31379
"IN","18169",30996
"AL","01109",33114
"AR","05059",33771
"NM","35055",32723
"IL","17133",34637
"NH","33007",31563
"SC","45067",30657
"MD","24011",33406
"NC","37175",34385
"WV","54051",30531
"MI","26063",30981
"SC","45023",32244
"VA","51023",33419
"OK","40089",32832
"VA","51109",37591
"VA","51001",32316
"IN","18055",31922
"MN","27097",33386
"IN","18023",32399
"OH","39079",32413
"IN","18183",33964
"IA","19125",33253
"TN","47103",34366
"MO","29107",32708
"LA","22047",32511
"TX","48259",47431
"IL","17157",31782
"IN","18073",33562
"VA","51137",37051
"IN","18051",33659
"WV","54077",33432
"KS","20111",33195
"IA","19167",34855
"TX","48477",35882
"KS","20057",33619
"TX","48147",35514
"NC","37055",37009
"NC","37113",35858
"LA","22039",33395
"MS","28011",30628
"IN","18151",34594
"MT","30093",34915
"AL","01017",33254
"IL","17049",34008
"OK","40081",34877
"AL","01079",32924
"KS","20061",31670
"IN","18001",35777
"SC","45089",30368
"ME","23015",34634
"OH","39137",33861
"OK","40087",40474
"KS","20079",34429
"WI","55019",34774
"MS","28107",34192
"IL","17021",32304
"OH","39117",35328
"FL","12027",38001
"MS","28085",34153
"VA","51155",34027
"NE","31119",35099
"CA","06035",30573
"SC","45027",33745
"IL","17011",32628
"TX","48227",36664
"TN","47183",33328
"TX","48217",36649
"TX","48071",43837
"TX","48223",37084
"NC","37017",32722
"NY","36099",34016
"VA","51093",37109
"ME","23023",35856
"MN","27017",35871
"KS","20125",31829
"WV","54025",34662
"IL","17137",33658
"MO","29105",35723
"MO","29009",35789
"KY","21049",36263
"IA","19179",34969
"KY","21235",36264
"LA","22011",37497
"TN","47029",36004
"TX","48241",35529
"VA","51149",38353
"IA","19111",33657
"LA","22087",47244
"WI","55085",35595
"MN","27041",38141
"IL","17103",34096
"OH","39127",36134
"NC","37165",34823
"MO","29225",39592
"VA","51083",33911
"TX","48189",33406
"NE","31111",34914
"WY","56001",38880
"KS","20035",34908
"GA","13299",35734
"UT","49043",42145
"SD","46013",38839
"MN","27147",36649
"MI","26061",35684
"AR","05063",37825
"MN","27085",35893
"NE","31053",36565
"TX","48321",36643
"WV","54045",32019
"KS","20055",36467
"VT","50001",36777
"IA","19099",37185
"WI","55045",36960
"VA","51073",37348
"OH","39031",36600
"AR","05009",37432
"IN","18103",35516
"KY","21089",35098
"NE","31157",35618
"MS","28095",35252
"OR","41007",40224
"MS","28003",36953
"IL","17057",34340
"MI","26041",35784
"KY","21083",37266
"IN","18069",36520
"VT","50003",35470
"IN","18087",39614
"MS","28093",35294
"KY","21035",39001
"NC","37003",37497
"AZ","04009",38837
"ID","16057",40108
"OK","40123",38284
"SC","45071",38440
"ID","16065",39907
"VA","51187",40164
"OH","39171",36692
"WI","55083",37930
"IL","17027",37562
"AL","01039",37049
"MD","24041",37181
"MN","27059",40596
"VA","51683",41085
"TX","48143",42698
"IN","18133",37576
"IA","19187",35904
"TX","48055",43664
"CA","06005",39752
"TX","48049",37864
"IN","18107",38338
"AL","01053",36633
"TN","47045",37159
"NC","37197",37667
"TN","47047",41133
"WA","53017",43429
"TX","48097",41257
"IN","18083",36594
"MN","27009",40889
"MI","26033",37349
"MO","29109",38355
"IL","17203",38459
"PA","42059",36233
"ME","23027",39715
"IL","17081",37684
"SC","45029",37677
"IL","17105",35648
"IN","18017",37689
"OH","39039",38087
"TN","47021",40667
"KS","20037",38818
"FL","12051",42022
"MN","27099",40062
"MO","29201",38280
"PA","42035",38632
"ID","16069",40408
"TX","48459",41753
"IN","18061",40515
"NY","36031",36885
"IL","17121",37205
"KY","21071",35589
"NC","37145",39490
"IL","17055",38469
"LA","22069",38158
"GA","13213",40096
"PA","42109",40372
"ME","23013",39772
"TN","47177",41277
"PA","42031",38438
"FL","12093",42168
"OK","40111",38465
"OH","39059",38875
"OH","39021",38885
"GA","13277",40644
"WY","56013",39261
"MT","30081",43806
"NM","35039",38921
"NC","37099",43938
"IA","19057",38967
"MO","29091",40117
"MS","28113",39288
"IA","19127",39369
"NC","37139",39824
"TN","47013",39842
"FL","12075",41503
"OH","39107",41172
"TX","48249",40482
"ID","16017",45739
"WA","53037",47935
"WI","55093",42754
"TN","47051",42208
"WA","53047",42243
"LA","22119",38340
"NC","37059",42846
"OK","40097",41100
"CO","08085",42758
"TX","48481",41556
"OH","39123",40525
"VA","51195",37383
"GA","13233",42613
"OK","40041",43009
"AR","05005",41932
"FL","12121",44417
"AL","01123",40367
"AR","05139",38682
"WI","55075",40350
"PA","42123",39191
"OK","40083",48011
"TN","47099",44142
"IN","18037",42736
"WI","55115",40899
"TX","48499",45539
"PA","42117",40591
"VA","51171",43616
"OH","39027",41968
"LA","22009",40144
"KY","21211",49024
"AR","05055",45325
"NY","36121",39859
"KY","21009",44249
"MO","29159",42339
"IN","18033",43475
"MN","27067",43199
"OH","39135",40882
"GA","13069",43273
"OH","39075",43960
"IN","18071",44231
"OK","40135",41569
"OK","40013",47995
"MI","26057",40711
"WV","54099",39402
"OH","39051",42126
"IA","19139",42664
"TX","48053",48155
"MO","29023",42478
"MI","26107",43453
"NY","36073",40352
"TX","48493",51070
"GA","13137",45328
"VA","51590",40044
"MI","26151",41170
"TX","48473",55246
"PA","42115",40328
"OH","39097",44731
"KY","21179",46233
"PA","42083",40625
"AR","05091",43257
"VA","51540",47266
"WA","53065",45723
"OH","39071",43161
"AL","01021",44428
"NH","33019",43146
"OH","39033",41494
"WY","56037",42343
"AL","01047",37196
"WI","55033",45368
"MS","28045",47632
"NV","32023",46523
"MO","29029",46305
"IA","19033",42450
"WI","55031",43150
"WI","55095",43783
"MO","29027",44743
"IN","18145",44729
"MN","27007",47188
"WV","54069",41411
"VT","50025",42222
"TN","47123",46545
"WI","55081",46253
"GA","13275",44451
"WA","53075",50104
"SD","46083",61128
"OH","39015",43432
"CA","06093",43539
"TX","48013",51153
"PA","42119",44923
"NC","37111",45756
"OK","40137",43143
"MN","27061",45130
"TN","47003",49713
"VA","51185",40595
"MO","29161",44573
"PA","42065",43425
"MI","26023",43517
"TX","48373",51353
"NC","37181",44535
"GA","13071",45600
"CA","06009",45905
"ID","16011",46811
"GA","13009",44890
"OK","40121",43654
"OH","39091",45672
"WI","55005",45244
"PA","42061",45144
"LA","22095",42837
"OH","39011",45656
"PA","42099",46272
"TX","48325",51584
"OR","41041",49962
"WV","54019",42406
"NE","31019",49659
"WY","56005",46341
"IN","18093",45370
"UT","49021",54839
"MN","27049",46340
"IA","19181",51466
"KY","21101",45210
"FL","12039",45660
"AR","05093",40651
"OK","40071",43538
"NC","37153",44829
"PA","42087",46138
"MI","26059",45605
"VA","51047",52605
"SC","45025",45650
"LA","22061",46742
"CO","08043",47839
"KY","21107",44686
"NC","37093",55234
"OK","40021",48657
"NV","32005",48905
"IN","18099",46258
"LA","22117",46194
"KY","21209",57004
"MS","28071",54019
"NC","37169",45591
"AZ","04023",46498
"OK","40113",46963
"IN","18113",47744
"OK","40019",48111
"MS","28105",49587
"IL","17177",44498
"TX","48349",50113
"VT","50011",49402
"NC","37013",46994
"IL","17117",44926
"MD","24035",50381
"NH","33003",48910
"NY","36025",44135
"NM","35009",48954
"GA","13175",47546
"MI","26123",48980
"TN","47105",54068
"KY","21113",54115
"MS","28149",45381
"NV","32007",52778
"TX","48465",49025
"VA","51660",53016
"NY","36003",46091
"WI","55015",50089
"IA","19045",46429
"NY","36039",47188
"KY","21073",50991
"NY","36023",47581
"OR","41009",52354
"OH","39149",48590
"IN","18065",47972
"KY","21019",46718
"TX","48265",52600
"TN","47043",53948
"TN","47053",49133
"FL","12063",46414
"PA","42009",47888
"TX","48277",49859
"RI","44001",48479
"AL","01031",52342
"UT","49003",56046
"IN","18029",49458
"IL","17063",51054
"NY","36057",49221
"AL","01045",49172
"OK","40079",49853
"NY","36017",47207
"IL","17073",48913
"GA","13039",54666
"TX","48073",52646
"AR","05035",47955
"OK","40147",51527
"NC","37189",56177
"NY","36107",48203
"MS","28151",43909
"TX","48221",61643
"WI","55043",51439
"CO","08067",56221
"TN","47089",54495
"MD","24047",52276
"MN","27169",50484
"NY","36033",50022
"MO","29213",55928
"NV","32019",57510
"LA","22099",53431
"CO","08037",55127
"NC","37141",63060
"ME","23025",50484
"GA","13103",64296
"TN","47107",53794
"MO","29169",52607
"MI","26027",51787
"OH","39159",58988
"LA","22115",47429
"WI","55135",50990
"OK","40051",55834
"MO","29113",59013
"TX","48467",56590
"MO","29101",54062
"LA","22089",53100
"TN","47031",56520
"PA","42127",51361
"IL","17095",49699
"AL","01113",57961
"OH","39037",51113
"OH","39005",53484
"AL","01071",51626
"TX","48401",54406
"IL","17141",50643
"WV","54037",57146
"AZ","04007",54018
"NM","35015",58460
"IL","17029",50621
"MN","27025",56579
"VA","51089",50557
"IL","17007",53544
"TN","47145",53382
"TX","48323",58722
"ME","23009",54987
"AL","01033",55241
"AL","01001",55869
"TX","48199",57602
"LA","22101",49348
"NC","37083",50010
"VA","51031",54885
"VA","51191",53740
"PA","42121",50668
"FL","12131",74071
"GA","13129",57963
"CA","06069",62808
"NV","32510",55916
"SC","45021",57300
"CA","06109",54478
"AK","02122",58708
"WV","54079",56450
"NY","36035",53383
"KS","20169",54224
"MS","28073",63343
"OH","39129",58457
"MI","26157",52245
"MS","28109",55535
"CO","08014",70465
"TN","47035",60520
"VA","51067",56042
"CO","08045",60061
"WV","54049",56072
"NC","37065",51472
"IN","18011",67843
"VT","50027",55062
"OH","39147",55178
"TN","47073",56786
"WI","55021",57532
"MN","27111",58746
"AL","01009",57826
"PA","42103",55809
"TN","47019",56391
"ME","23017",57975
"NC","37105",61779
"LA","22113",59511
"NC","37047",55508
"MO","29145",58236
"UT","49045",72259
"TX","48001",57735
"IL","17195",55175
"NC","37061",58741
"NE","31079",61353
"WA","53071",60760
"KY","21125",60813
"MN","27027",64222
"NC","37087",62317
"TX","48497",69984
"MI","26015",61550
"NC","37107",55949
"VT","50023",58409
"OH","39077",58266
"IN","18173",62998
"MS","28087",58595
"NC","37077",60443
"NY","36037",57280
"NH","33001",61303
"SC","45043",62680
"IL","17077",56750
"KY","21185",66799
"GA","13157",72977
"OK","40047",61056
"NC","37167",62806
"NC","37069",69685
"WA","53045",66768
"OH","39083",62322
"OH","39143",58518
"TX","48427",64633
"TN","47167",61599
"MI","26149",60964
"VT","50021",58191
"ND","38101",67641
"SC","45055",66551
"AR","05115",64072
"LA","22001",62045
"OH","39167",59911
"AR","05033",63257
"WI","55111",64442
"NY","36077",59493
"WV","54055",58758
"WI","55017",64658
"OH","39087",59463
"MN","27035",65055
"TN","47063",64934
"PA","42015",60323
"OR","41011",64487
"KY","21199",64979
"NY","36021",59461
"NY","36115",61204
"MI","26117",63888
"MT","30049",69432
"NC","37163",63531
"GA","13179",61435
"CA","06103",65084
"NC","37037",74470
"VA","51143",60354
"NM","35035",67490
"MI","26067",64697
"GA","13047",67580
"MN","27013",67653
"GA","13255",66703
"MN","27131",66972
"KS","20155",61998
"NY","36043",61319
"TX","48347",65204
"CA","06033",64386
"NM","35025",71070
"OH","39009",65327
"TX","48409",66730
"KY","21195",57876
"VA","51061",71222
"PA","42025",64182
"MO","29187",67215
"NY","36051",62914
"VA","51199",68280
"KY","21145",65418
"TX","48203",66553
"NM","35005",64615
"NY","36113",63944
"KS","20015",66911
"NJ","34033",62385
"IA","19049",93453
"TN","47147",71813
"IL","17199",66597
"OR","41035",68238
"NC","37031",69473
"OH","39101",65093
"SC","45059",67493
"ND","38035",69451
"VA","51095",76523
"AL","01127",63521
"GA","13285",69922
"MI","26103",66699
"HI","15007",72293
"IL","17001",65435
"PA","42037",64964
"FL","12023",71686
"MS","28067",68098
"NC","37161",67029
"TX","48471",72971
"AR","05085",73309
"VA","51019",78997
"SC","45031",66618
"GA","13295",69761
"TN","47059",69069
"IN","18109",70489
"IN","18177",65884
"PA","42005",64735
"WV","54033",67256
"NC","37193",68412
"GA","13013",83240
"OK","40125",72592
"SC","45047",70811
"OH","39081",65325
"OK","40037",71522
"IN","18059",78168
"WI","55097",70772
"IN","18053",65769
"GA","13031",79608
"MI","26073",69872
"OH","39013",67006
"MI","26155",68122
"OK","40101",67997
"AL","01049",71513
"KS","20161",74232
"MA","25011",70180
"WA","53009",77331
"NM","35031",71367
"AZ","04001",71887
"ME","23003",67055
"CA","06115",78668
"TN","47141",80245
"WA","53007",77200
"WA","53027",75061
"OK","40145",81289
"FL","12087",74228
"LA","22045",69830
"FL","12089",88625
"NY","36053",70941
"NC","37171",71783
"VA","51015",75558
"KY","21047",70461
"TX","48021",88723
"SC","45073",79546
"KY","21029",81676
"FL","12107",74521
"IN","18043",78522
"WI","55141",72999
"OH","39063",75783
"MS","28035",74897
"MD","24001",70416
"TN","47001",76978
"MI","26037",79595
"TX","48099",75951
"OR","41053",86085
"WY","56025",79858
"WA","53041",80707
"VA","51680",82168
"TX","48291",88219
"MO","29031",78871
"OR","41059",77950
"MO","29051",76745
"KS","20103",81758
"MI","26159",75677
"VA","51165",81948
"NM","35061",76688
"SC","45057",98012
"IN","18005",83779
"AR","05145",78753
"OH","39043",74266
"NH","33005",76085
"ID","16083",86878
"OK","40119",81784
"IN","18085",79456
"MO","29043",88595
"AR","05069",66824
"NY","36105",75432
"PA","42111",73447
"OH","39141",76666
"WA","53021",95222
"NC","37109",86111
"VA","51069",89313
"TX","48397",104915
"WA","53029",85141
"TX","48213",82737
"WV","54081",73361
"AL","01051",81209
"OH","39145",75314
"GA","13127",85292
"NY","36011",76576
"MS","28075",74125
"NY","36009",76117
"AL","01043",83768
"TN","47119",96387
"NC","37195",81801
"ND","38015",95626
"MT","30013",81366
"WI","55071",78981
"IL","17183",75758
"PA","42033",79255
"TX","48361",83396
"NY","36019",80485
"AL","01121",79978
"OR","41033",87487
"IN","18067",82544
"AL","01083",98915
"ID","16005",87808
"RI","44005",82082
"MS","28081",85436
"KY","21151",92987
"NC","37027",82178
"LA","22097",82124
"AL","01115",89512
"MI","26111",83156
"WI","55055",84769
"GA","13297",94593
"WI","55109",90687
"VA","51800",92108
"GA","13247",90896
"OR","41003",93053
"OH","39119",86215
"TX","48231",98594
"WI","55089",89221
"TX","48005",86715
"TX","48469",92084
"OK","40131",92459
"WV","54107",83518
"MI","26055",93088
"CA","06045",86749
"NC","37125",100880
"MI","26087",87607
"MN","27141",97238
"MD","24009",92525
"WI","55027",87839
"PA","42039",84629
"NY","36015",83456
"PA","42063",84073
"AK","02170",108317
"NH","33009",89886
"WA","53025",97733
"MO","29021",87364
"MO","29165",104418
"MT","30031",114434
"IA","19169",97117
"TN","47155",98250
"KY","21037",93584
"NC","37023",90485
"MT","30029",103806
"MN","27019",105089
"PA","42073",85512
"WY","56021",99500
"VA","51161",94186
"SC","45075",86175
"TX","48037",93245
"OH","39157",91987
"AL","01077",92729
"AL","01095",96774
"IA","19155",93206
"OH","39055",93649
"FL","12119",132420
"NC","37157",91010
"IA","19061",97311
"NY","36117",89918
"VA","51121",98535
"PA","42097",90843
"GA","13095",87956
"CA","06101",96971
"MS","28089",106272
"VA","51740",94398
"FL","12035",115081
"NC","37127",94298
"AR","05051",99386
"WV","54061",105612
"GA","13115",98498
"LA","22057",97614
"WV","54011",91945
"AR","05031",110332
"KY","21059",101511
"VA","51770",99143
"NJ","34009",92039
"AK","02090",96849
"NC","37045",97947
"TN","47113",97984
"MD","24045",103609
"WI","55035",104646
"CA","06057",99755
"FL","12055",106221
"TN","47011",108110
"VA","51003",109330
"NY","36101",95379
"OR","41071",107100
"MO","29037",105780
"NY","36079",98320
"VA","51085",107766
"MI","26091",98451
"GA","13217",111744
"GA","13015",107738
"SD","46103",113775
"MD","24015",102855
"PA","42001",103009
"MO","29071",103967
"OH","39007",97241
"AL","01069",105882
"NY","36109",102180
"WI","55039",103403
"IA","19193",103107
"WI","55127",103868
"WA","53015",110593
"OH","39109",106987
"GA","13313",104628
"TX","48257",136154
"NC","37049",102139
"WV","54003",119171
"ID","16019",119062
"AL","01055",102268
"MD","24037",113510
"IL","17037",104897
"KY","21093",110958
"OH","39003",102351
"GA","13113",114421
"NC","37089",117417
"AR","05125",122437
"LA","22005",126604
"NC","37019",142820
"AZ","04017",110924
"SC","45085",106721
"OR","41019",110980
"ME","23001",108277
"MI","26045",110268
"MI","26017",103126
"OH","39029",101883
"IN","18167",107038
"NY","36069",109777
"TX","48091",156209
"NJ","34041",105267
"GA","13185",117406
"MT","30063",119600
"TX","48451",119200
"IN","18019",118302
"GA","13045",119992
"IL","17115",104009
"KS","20045",122259
"MI","26005",118081
"IN","18091",109888
"LA","22109",110461
"NY","36089",107740
"UT","49005",128289
"AR","05045",126007
"IL","17091",109862
"KY","21227",132896
"IL","17099",108669
"TN","47189",144657
"OH","39169",115710
"WI","55063",118016
"NC","37085",135976
"IL","17093",128990
"WI","55117",115340
"OK","40017",148306
"PA","42081",113299
"NY","36045",109834
"PA","42085",109424
"OR","41043",129749
"GA","13059",128331
"WA","53057",129205
"TX","48367",142878
"LA","22015",127039
"MO","29097",121328
"IN","18035",114135
"CT","09015",116782
"AL","01015",113605
"KY","21015",133581
"SC","45077",126884
"AL","01103",119679
"TX","48381",137713
"TX","48181",136212
"TX","48375",117415
"LA","22105",134758
"TX","48183",123945
"NY","36075",117124
"ME","23011",122302
"VA","51177",136215
"NC","37191",123131
"TN","47179",129375
"TN","47009",133088
"NH","33017",130633
"GA","13073",156714
"OK","40031",120749
"OH","39139",121154
"MN","27171",138377
"OH","39173",130817
"AR","05131",127827
"RI","44009",125577
"PA","42013",121829
"GA","13077",148509
"LA","22063",140789
"NJ","34019",124371
"VA","51179",152882
"MN","27139",149013
"NM","35045",123958
"IA","19103",151140
"IA","19013",131228
"MA","25003",124944
"AZ","04003",125922
"TX","48485",132230
"TX","48441",138034
"TX","48187",166847
"NM","35043",146748
"LA","22079",129648
"IN","18095",129569
"WI","55131",136034
"GA","13097",146343
"PA","42075",141793
"NC","37135",148476
"WI","55073",135692
"NC","37155",130625
"AZ","04005",143476
"CA","06023",135558
"NY","36013",126903
"IL","17179",131803
"MI","26025",134159
"CA","06055",137744
"SC","45035",162809
"PA","42051",129274
"TX","48329",176832
"SC","45041",138293
"TX","48135",166223
"VA","51650",134510
"IN","18105",148431
"FL","12061",159923
"UT","49053",177556
"OH","39023",134083
"NC","37159",142088
"ID","16055",165697
"IN","18081",158167
"MS","28059",143617
"GA","13153",157863
"VA","51510",159428
"AL","01081",164542
"FL","12017",149657
"MS","28121",155271
"NC","37151",143667
"GA","13223",168667
"PA","42021",130192
"NM","35049",150358
"MN","27109",158293
"IN","18063",170311
"OH","39045",157574
"FL","12085",161000
"NH","33013",151391
"MD","24017",163257
"CO","08077",154210
"MD","24043",151049
"IL","17161",141879
"MT","30111",161300
"PA","42107",141359
"NJ","34037",140488
"TX","48139",184826
"PA","42055",155027
"ND","38017",181923
"MN","27145",161075
"CA","06039",157327
"TX","48251",175817
"NC","37001",169509
"FL","12113",184313
"MI","26115",150500
"CT","09013",150721
"CA","06031",152940
"LA","22073",153279
"ME","23019",152148
"PA","42027",162385
"NC","37035",159551
"NY","36093",155299
"HI","15009",167417
"GA","13021",153159
"VT","50007",163774
"MI","26021",153401
"TN","47163",158348
"NJ","34011",149527
"TX","48209",230191
"KS","20209",165429
"OR","41017",197692
"MA","25015",160830
"NE","31153",187196
"CO","08101",168424
"NY","36083",158714
"NC","37097",181806
"KY","21117",166998
"FL","12015",188910
"SC","45003",170872
"MI","26075",158510
"WI","55105",163354
"TN","47165",191283
"MS","28033",184945
"OH","39133",162466
"OH","39057",168937
"SC","45013",192122
"DE","10001",180786
"MO","29019",180463
"NC","37057",167609
"MI","26147",159128
"IN","18127",170389
"IA","19163",172943
"CT","09007",162436
"RI","44003",164292
"WI","55059",169561
"OH","39089",176862
"WI","55139",171907
"MD","24013",168447
"NC","37147",180742
"FL","12005",174705
"NC","37101",209339
"SD","46099",193134
"IL","17113",171517
"PA","42089",170271
"PA","42007",163929
"MI","26121",173566
"TN","47125",208993
"OH","39103",179746
"FL","12053",193920
"IN","18157",195732
"OH","39041",209177
"CA","06025",181215
"WA","53005",204390
"GA","13117",244252
"WI","55087",187885
"CA","06089",180080
"NC","37133",197938
"SC","45015",227907
"KS","20177",176875
"NC","37025",216453
"GA","13139",204441
"IN","18163",181451
"VA","51700",179225
"FL","12091",210738
"MI","26093",191995
"CA","06017",192843
"AL","01003",223234
"NY","36111",177573
"TN","47187",238412
"PA","42019",187853
"HI","15001",201513
"IL","17143",179179
"MS","28047",208080
"SC","45007",202558
"ID","16027",229849
"GA","13215",195769
"CT","09005",180333
"FL","12109",264672
"FL","12019",219252
"LA","22019",203436
"WV","54039",178124
"AL","01125",209355
"TX","48041",229211
"AL","01117",217702
"WI","55101",196311
"AZ","04027",213787
"ME","23031",207641
"DE","10005",234225
"OH","39025",206428
"IL","17167",194672
"IN","18039",206341
"MI","26145",190539
"AZ","04015",212181
"MN","27137",199070
"GA","13245",202518
"NY","36007",190488
"CA","06113",220500
"IL","17019",209689
"WA","53073",229247
"NC","37179",239859
"NC","37129",234473
"AR","05143",239187
"OR","41029",220944
"GA","13151",234561
"VA","51760",230436
"NC","37071",224529
"VA","51013",236842
"PA","42125",206865
"NM","35013",218195
"TX","48423",232751
"OH","39155",197974
"AZ","04025",235099
"IA","19113",226706
"OH","39165",234602
"GA","13057",258773
"PA","42069",209674
"MA","25001",212990
"NY","36063",209281
"MO","29099",225081
"NY","36091",229863
"CA","06007",219186
"AR","05007",279141
"LA","22055",244390
"MO","29047",249948
"VA","51550",244835
"SC","45091",280979
"AL","01101",226486
"OH","39085",230149
"UT","49057",260213
"MD","24021",259547
"LA","22103",260419
"NY","36065",228671
"TX","48309",256623
"PA","42041",253370
"MN","27163",262440
"NC","37021",261191
"OH","39099",228683
"VA","51710",242742
"WA","53077",250873
"MD","24025",255441
"MS","28049",231840
"FL","12001",269043
"WI","55009",264542
"TX","48479",276652
"MI","26077",265066
"WA","53035",271473
"WA","53067",290536
"TX","48245",251565
"CA","06041",258826
"CO","08123",324492
"LA","22017",240204
"OK","40027",284014
"CA","06047",277680
"GA","13063",292256
"CA","06087",273213
"SC","45063",298750
"TN","47149",332285
"MI","26139",291830
"GA","13051",289430
"IN","18141",271826
"NC","37063",321488
"PA","42043",278299
"FL","12097",375751
"IL","17119",262966
"SC","45051",354081
"CA","06079",283111
"IL","17163",259686
"CT","09011",265206
"NJ","34001",263670
"IN","18057",338011
"MO","29077",293086
"FL","12073",293582
"FL","12111",328297
"TX","48303",310569
"PA","42049",269728
"MI","26065",292406
"ME","23005",295003
"SC","45083",319785
"NE","31109",319090
"CO","08035",351154
"MD","24027",325690
"NJ","34015",291636
"TX","48167",342139
"AK","02020",288000
"CO","08013",326196
"NH","33015",309769
"IL","17201",282572
"KY","21067",323152
"FL","12069",367118
"NY","36027",294218
"FL","12033",318316
"PA","42095",305285
"CO","08069",356899
"OH","39093",309833
"NY","36001",305506
"UT","49011",355481
"VA","51087",330818
"IL","17111",307774
"TX","48027",362924
"NY","36087",325789
"VA","51107",413538
"TX","48039",374264
"OR","41047",347818
"VA","51041",352802
"MO","29510",300576
"NC","37051",335509
"PA","42079",317417
"FL","12021",384902
"FL","12081",403253
"NJ","34035",328934
"MN","27003",356921
"FL","12083",365579
"AL","01089",372909
"TN","47065",367804
"TX","48355",362294
"LA","22071",390144
"MI","26161",367601
"CA","06061",398329
"PA","42077",369318
"SC","45019",411406
"NC","37067",382295
"OR","41039",382067
"IN","18003",379299
"MO","29183",402022
"PA","42129",348899
"NJ","34021",367430
"OH","39017",383134
"NY","36071",384940
"OH","39151",370606
"AZ","04021",462789
"OR","41005",418187
"FL","12115",433742
"AR","05119",391911
"SC","45079",415759
"WI","55133",404198
"ID","16001",481587
"MN","27037",429021
"NH","33011",417025
"VA","51153",470335
"TX","48061",423163
"PA","42011",421164
"AL","01097",413210
"CA","06095",447643
"CA","06053",434061
"NV","32031",471519
"TX","48491",590551
"FL","12117",471826
"CA","06083",446499
"WA","53011",488241
"MI","26049",405813
"IA","19153",490161
"TN","47093",470313
"LA","22051",432493
"PA","42133",449058
"VA","51810",449974
"LA","22033",440059
"CO","08001",517421
"OH","39095",428348
"CA","06107",466195
"NJ","34005",445349
"SC","45045",523542
"TX","48339",607391
"MA","25013",466372
"FL","12101",553947
"NY","36067",460528
"NY","36085",476143
"WA","53063",522798
"CA","06097",494336
"WI","55025",546695
"NC","37081",537174
"NJ","34027",491845
"FL","12127",553284
"MA","25023",521202
"IN","18089",485493
"KS","20173",516042
"PA","42029",524989
"NJ","34031",501826
"MN","27123",550321
"NJ","34007",506471
"CA","06099",550660
"IL","17089",532403
"UT","49049",636235
"NE","31055",571327
"PA","42071",545724
"OR","41067",601592
"CO","08059",582881
"OH","39113",531687
"NJ","34039",556341
"MD","24003",579234
"DE","10003",558753
"OH","39153",541013
"FL","12009",601942
"KS","20091",602401
"MA","25005",565217
"PA","42045",566747
"CO","08005",656590
"NJ","34029",607186
"TX","48157",811688
"CO","08031",727211
"DC","11001",705749
"FL","12105",724777
"MI","26081",656955
"OK","40143",651552
"FL","12071",770577
"MD","24510",593490
"CO","08041",720403
"PA","42017",628270
"RI","44007",638931
"TN","47037",694144
"NJ","34025",618795
"NJ","34017",672391
"AL","01073",658573
"NM","35001",679121
"TX","48121",887207
"MA","25021",706775
"MO","29095",703011
"IL","17197",690743
"CA","06077",762148
"GA","13067",760141
"GA","13089",759297
"IL","17097",696535
"WA","53061",822083
"CA","06081",766573
"OK","40109",797434
"MA","25025",803907
"OR","41051",812855
"KY","21111",766757
"MA","25009",789034
"NY","36055",741770
"TX","48215",868707
"TX","48085",1034730
"NJ","34013",798975
"WA","53053",904980
"MA","25027",830622
"PA","42091",830915
"TX","48141",839238
"OH","39061",817473
"MD","24005",827370
"CA","06075",881549
"GA","13135",936250
"NJ","34023",825062
"CA","06111",846006
"CA","06029",900202
"MI","26099",873972
"CT","09009",854757
"MD","24033",909327
"FL","12031",957755
"CT","09003",891720
"NC","37183",1111761
"IN","18097",964582
"NJ","34003",932202
"FL","12103",974996
"CT","09001",943332
"IL","17043",922921
"NY","36029",918702
"NC","37119",1110356
"GA","13121",1063937
"TN","47157",937166
"CA","06019",999101
"WI","55079",945726
"NY","36119",967506
"HI","15003",974563
"MD","24031",1050688
"AZ","04019",1047279
"MO","29189",994205
"TX","48453",1273954
"UT","49035",1160437
"CA","06013",1153526
"VA","51059",1147532
"FL","12095",1393452
"MN","27053",1265843
"OH","39049",1316756
"MI","26125",1257584
"PA","42003",1216045
"FL","12057",1471968
"OH","39035",1235072
"FL","12099",1496770
"NY","36059",1356924
"NY","36005",1418207
"CA","06067",1552058
"NY","36103",1476601
"MA","25017",1611699
"CA","06001",1671329
"PA","42101",1584064
"NY","36061",1628706
"TX","48029",2003554
"FL","12011",1952778
"CA","06085",1927852
"TX","48439",2102515
"MI","26163",1749343
"WA","53033",2252782
"NV","32003",2266715
"CA","06071",2180085
"CA","06065",2470546
"NY","36081",2253858
"TX","48113",2635516
"FL","12086",2716940
"NY","36047",2559903
"CA","06059",3175692
"CA","06073",3338330
"AZ","04013",4485414
"TX","48201",4713325
"IL","17031",5150233
"CA","06037",10039107
"MP","69000",57552
"PR","72000",3725789
"GU","66000",164229
"AS","60000",56188
"VI","78000",112640
