ori,dest,amount
55001,17001,2
55001,17031,78
55001,17043,6
55001,17089,12
55001,17097,32
55001,17111,6
55001,17177,6
55001,17201,28
55001,18019,6
55001,18089,6
55001,18097,6
55001,19061,14
55001,19089,6
55001,19109,6
55001,19165,32
55001,20091,6
55001,27123,8
55001,27145,8
55001,31055,4
55001,46099,6
55001,48085,18
55001,55007,10
55001,55009,24
55001,55019,18
55001,55021,1046
55001,55025,520
55001,55027,26
55001,55035,18
55001,55039,32
55001,55045,6
55001,55047,14
55001,55049,12
55001,55053,10
55001,55055,38
55001,55057,760
55001,55059,70
55001,55063,50
55001,55069,2
55001,55073,40
55001,55077,568
55001,55079,38
55001,55081,134
55001,55087,10
55001,55093,4
55001,55097,372
55001,55101,12
55001,55107,14
55001,55111,2426
55001,55121,8
55001,55123,14
55001,55131,18
55001,55133,8
55001,55135,14
55001,55137,224
55001,55139,36
55001,55141,1546
55003,17097,8
55003,19061,6
55003,26053,14
55003,26123,4
55003,27003,6
55003,27013,2
55003,27031,8
55003,27037,6
55003,27049,8
55003,27053,6
55003,27137,54
55003,38017,6
55003,38061,12
55003,42091,18
55003,51775,10
55003,55007,1094
55003,55013,6
55003,55017,22
55003,55019,2
55003,55025,20
55003,55031,102
55003,55051,52
55003,55055,4
55003,55067,4
55003,55069,2
55003,55085,8
55003,55095,10
55003,55097,4
55003,55099,1164
55003,55105,2
55003,55107,6
55003,55111,12
55003,55113,56
55003,55119,4
55003,55125,58
55003,55127,24
55003,55129,10
55003,55139,4
55003,55141,22
55005,05007,8
55005,08031,10
55005,08087,4
55005,08101,12
55005,09001,4
55005,12031,6
55005,19153,4
55005,19189,4
55005,19195,10
55005,20037,10
55005,20209,10
55005,22033,6
55005,24031,20
55005,25001,4
55005,26041,6
55005,26053,4
55005,27003,22
55005,27017,2
55005,27023,8
55005,27025,44
55005,27035,14
55005,27037,24
55005,27049,12
55005,27053,120
55005,27059,4
55005,27063,20
55005,27067,4
55005,27085,4
55005,27099,8
55005,27109,12
55005,27113,6
55005,27123,210
55005,27135,4
55005,27137,12
55005,27163,184
55005,34033,8
55005,36059,4
55005,38017,12
55005,38053,16
55005,38101,4
55005,38105,4
55005,39035,16
55005,42059,36
55005,42101,14
55005,46099,4
55005,55003,22
55005,55007,10
55005,55009,14
55005,55013,198
55005,55017,808
55005,55019,32
55005,55025,10
55005,55031,62
55005,55033,512
55005,55035,606
55005,55039,6
55005,55049,4
55005,55063,56
55005,55071,4
55005,55073,20
55005,55078,18
55005,55079,50
55005,55081,2
55005,55085,16
55005,55093,22
55005,55095,1574
55005,55097,12
55005,55107,382
55005,55109,388
55005,55111,28
55005,55113,100
55005,55119,14
55005,55121,58
55005,55123,4
55005,55129,1354
55005,55131,10
55005,55133,8
55005,55139,4
55005,55141,12
55007,02020,4
55007,12011,4
55007,18097,2
55007,18141,12
55007,18167,6
55007,19005,4
55007,20091,4
55007,22057,4
55007,23025,4
55007,26053,18
55007,27001,4
55007,27003,16
55007,27017,6
55007,27019,4
55007,27025,6
55007,27037,2
55007,27041,4
55007,27053,12
55007,27061,4
55007,27075,2
55007,27097,2
55007,27123,38
55007,27137,468
55007,27163,6
55007,29189,6
55007,35031,2
55007,36001,6
55007,36029,8
55007,38025,6
55007,38067,6
55007,38105,8
55007,40143,16
55007,42117,10
55007,46117,2
55007,47037,6
55007,47157,4
55007,55003,3644
55007,55005,6
55007,55017,6
55007,55025,18
55007,55031,808
55007,55033,24
55007,55035,14
55007,55039,12
55007,55063,8
55007,55073,2
55007,55079,2
55007,55095,10
55007,55099,8
55007,55109,2
55007,55113,416
55007,55125,18
55007,55129,74
55007,55133,4
55007,55139,4
55007,55141,10
55009,02185,22
55009,05007,20
55009,06001,14
55009,06037,8
55009,06073,10
55009,06079,10
55009,13051,24
55009,13097,34
55009,13121,14
55009,17031,194
55009,17043,6
55009,18077,20
55009,18097,12
55009,19015,36
55009,19105,6
55009,19163,16
55009,21021,24
55009,25023,28
55009,26043,54
55009,26097,8
55009,26101,18
55009,26109,140
55009,27019,24
55009,27039,36
55009,27047,46
55009,27053,120
55009,27069,20
55009,27171,32
55009,29189,8
55009,30063,26
55009,30111,4
55009,37063,30
55009,38089,22
55009,39049,12
55009,39057,52
55009,39113,18
55009,42045,8
55009,45079,18
55009,47033,46
55009,47157,6
55009,48085,50
55009,48113,22
55009,48439,12
55009,51013,38
55009,55003,10
55009,55011,10
55009,55015,1670
55009,55025,184
55009,55027,24
55009,55029,750
55009,55033,32
55009,55035,72
55009,55039,58
55009,55043,60
55009,55047,30
55009,55055,18
55009,55057,6
55009,55059,34
55009,55061,2492
55009,55063,16
55009,55071,2256
55009,55073,70
55009,55075,658
55009,55077,238
55009,55078,66
55009,55079,316
55009,55081,26
55009,55083,940
55009,55085,18
55009,55087,10056
55009,55089,30
55009,55093,24
55009,55097,22
55009,55105,110
55009,55115,868
55009,55117,614
55009,55131,66
55009,55133,154
55009,55135,108
55009,55137,18
55009,55139,2398
55011,02240,6
55011,17089,4
55011,18039,4
55011,20109,6
55011,27003,6
55011,27037,44
55011,27045,8
55011,27049,66
55011,27053,40
55011,27055,8
55011,27061,4
55011,27099,12
55011,27109,66
55011,27123,12
55011,27131,2
55011,27137,4
55011,27157,592
55011,27169,2526
55011,29510,8
55011,38061,4
55011,38105,2
55011,40123,8
55011,51117,2
55011,55005,12
55011,55009,2
55011,55015,2
55011,55017,134
55011,55031,4
55011,55033,148
55011,55035,1132
55011,55039,2
55011,55053,12
55011,55059,8
55011,55063,182
55011,55073,8
55011,55081,8
55011,55085,4
55011,55091,636
55011,55093,64
55011,55101,8
55011,55109,54
55011,55111,40
55011,55121,1638
55011,55131,4
55011,55141,2
55013,04027,6
55013,06059,6
55013,08001,6
55013,12071,2
55013,17031,2
55013,17197,4
55013,18039,4
55013,18097,2
55013,19013,4
55013,19061,6
55013,19169,2
55013,22071,4
55013,25017,4
55013,25027,4
55013,26005,6
55013,26043,4
55013,26163,4
55013,27003,80
55013,27009,24
55013,27013,6
55013,27017,4
55013,27019,14
55013,27025,266
55013,27037,64
55013,27043,8
55013,27049,14
55013,27053,422
55013,27059,36
55013,27065,12
55013,27109,8
55013,27115,334
55013,27123,330
55013,27137,40
55013,27141,14
55013,27145,10
55013,27163,128
55013,27171,2
55013,38053,20
55013,38105,48
55013,40027,4
55013,49035,6
55013,55005,270
55013,55017,2
55013,55031,56
55013,55033,12
55013,55053,6
55013,55063,2
55013,55073,4
55013,55093,4
55013,55095,1152
55013,55097,4
55013,55107,4
55013,55109,30
55013,55111,8
55013,55113,112
55013,55117,2
55013,55129,906
55013,55139,2
55013,55141,8
55015,17031,18
55015,17097,10
55015,17161,12
55015,18083,10
55015,18147,4
55015,22033,22
55015,26099,6
55015,27053,52
55015,48201,26
55015,55009,2518
55015,55025,46
55015,55027,34
55015,55033,16
55015,55039,990
55015,55047,10
55015,55063,166
55015,55071,2272
55015,55075,28
55015,55078,8
55015,55079,218
55015,55083,10
55015,55085,6
55015,55087,17160
55015,55089,38
55015,55097,56
55015,55099,4
55015,55101,78
55015,55115,92
55015,55117,1726
55015,55131,24
55015,55133,130
55015,55135,126
55015,55139,9832
55015,55141,34
55017,11001,14
55017,13135,6
55017,17031,4
55017,17037,4
55017,17043,24
55017,17097,10
55017,17167,10
55017,19013,4
55017,19075,4
55017,19169,48
55017,22033,18
55017,26041,8
55017,26053,4
55017,26125,6
55017,27003,24
55017,27015,36
55017,27019,12
55017,27037,4
55017,27049,16
55017,27053,320
55017,27061,8
55017,27123,94
55017,27131,18
55017,27137,32
55017,27163,86
55017,37049,4
55017,38025,38
55017,38061,32
55017,38071,4
55017,38105,30
55017,39035,6
55017,39165,6
55017,41029,6
55017,46051,46
55017,48027,6
55017,48481,6
55017,49035,4
55017,55003,118
55017,55005,746
55017,55007,4
55017,55009,12
55017,55011,72
55017,55019,938
55017,55021,10
55017,55025,64
55017,55029,26
55017,55031,12
55017,55033,1756
55017,55035,18474
55017,55043,10
55017,55053,114
55017,55055,4
55017,55059,12
55017,55063,44
55017,55069,70
55017,55073,34
55017,55075,34
55017,55078,88
55017,55079,18
55017,55081,102
55017,55087,4
55017,55091,90
55017,55093,40
55017,55095,22
55017,55101,10
55017,55107,488
55017,55109,110
55017,55111,8
55017,55113,20
55017,55115,32
55017,55119,236
55017,55121,112
55017,55129,66
55017,55133,26
55017,55137,4
55017,55139,20
55017,55141,46
55019,05019,16
55019,06037,4
55019,06099,6
55019,08041,6
55019,16033,4
55019,17031,2
55019,17085,10
55019,17113,4
55019,17197,4
55019,18063,4
55019,19061,4
55019,19153,24
55019,26161,8
55019,26163,4
55019,27037,4
55019,27053,12
55019,27055,2
55019,27123,4
55019,27137,6
55019,27169,8
55019,29189,22
55019,30083,4
55019,35001,20
55019,38105,6
55019,39169,16
55019,42075,2
55019,48029,8
55019,48277,6
55019,51005,2
55019,54061,14
55019,55005,30
55019,55007,16
55019,55009,16
55019,55011,4
55019,55013,10
55019,55015,10
55019,55017,746
55019,55025,32
55019,55031,4
55019,55033,60
55019,55035,486
55019,55039,32
55019,55043,14
55019,55053,616
55019,55055,4
55019,55057,14
55019,55063,24
55019,55067,6
55019,55069,36
55019,55071,4
55019,55073,2864
55019,55079,14
55019,55081,40
55019,55093,6
55019,55095,4
55019,55097,92
55019,55099,18
55019,55101,8
55019,55105,18
55019,55107,16
55019,55109,8
55019,55111,8
55019,55113,6
55019,55117,10
55019,55119,1212
55019,55121,118
55019,55127,12
55019,55129,8
55019,55133,12
55019,55137,6
55019,55141,3770
55019,56023,2
55021,02020,14
55021,05007,8
55021,12086,2
55021,12095,26
55021,17031,58
55021,17043,52
55021,17097,12
55021,17099,34
55021,17201,6
55021,18097,20
55021,18141,6
55021,19153,46
55021,25025,8
55021,26163,34
55021,27005,14
55021,27037,6
55021,27053,2
55021,28047,10
55021,28083,12
55021,29033,4
55021,37183,20
55021,38017,8
55021,39035,14
55021,46011,4
55021,55001,200
55021,55023,14
55021,55025,20438
55021,55027,2258
55021,55039,124
55021,55043,4
55021,55045,44
55021,55047,218
55021,55049,46
55021,55053,46
55021,55055,220
55021,55057,254
55021,55063,10
55021,55077,376
55021,55078,6
55021,55079,82
55021,55081,108
55021,55085,32
55021,55087,6
55021,55089,54
55021,55101,6
55021,55103,12
55021,55105,24
55021,55107,8
55021,55109,8
55021,55111,4302
55021,55117,12
55021,55123,8
55021,55127,32
55021,55131,84
55021,55133,132
55021,55135,6
55021,55139,12
55021,55141,52
55023,02185,4
55023,06073,12
55023,12115,16
55023,17031,20
55023,17033,4
55023,17043,4
55023,17179,14
55023,17201,2
55023,18003,4
55023,18097,10
55023,19005,118
55023,19013,4
55023,19023,12
55023,19043,696
55023,19061,18
55023,19065,6
55023,19103,8
55023,19171,10
55023,19179,16
55023,19191,24
55023,20209,2
55023,27013,4
55023,27053,6
55023,27055,26
55023,27099,6
55023,27123,2
55023,27169,4
55023,29095,6
55023,38103,4
55023,46079,30
55023,48085,4
55023,48201,4
55023,49035,4
55023,55005,2
55023,55009,6
55023,55011,8
55023,55025,112
55023,55035,6
55023,55039,8
55023,55043,1394
55023,55045,28
55023,55049,68
55023,55063,344
55023,55065,10
55023,55067,30
55023,55073,4
55023,55079,26
55023,55081,68
55023,55103,274
55023,55105,12
55023,55107,6
55023,55111,72
55023,55121,14
55023,55123,1066
55023,55133,10
55025,01073,40
55025,01097,12
55025,02020,4
55025,04013,32
55025,04025,10
55025,06031,14
55025,06037,52
55025,06067,34
55025,06073,26
55025,06075,22
55025,06085,22
55025,08013,32
55025,08031,20
55025,08067,8
55025,12099,10
55025,12115,6
55025,12131,26
55025,13121,6
55025,13275,16
55025,16013,20
55025,17007,266
55025,17031,826
55025,17043,96
55025,17089,22
55025,17097,160
55025,17099,16
55025,17103,30
55025,17119,16
55025,17137,66
55025,17143,12
55025,17177,78
55025,17201,164
55025,18003,10
55025,18057,22
55025,18089,22
55025,18097,8
55025,19103,78
55025,19113,104
55025,19193,8
55025,20103,22
55025,20169,8
55025,21111,10
55025,24021,6
55025,24027,4
55025,24031,4
55025,25017,32
55025,25027,32
55025,26041,6
55025,26055,48
55025,26065,24
55025,26081,10
55025,26103,26
55025,26107,4
55025,26139,2
55025,26163,52
55025,27003,30
55025,27033,4
55025,27037,6
55025,27053,216
55025,27109,6
55025,27123,42
55025,27169,6
55025,28049,54
55025,29169,14
55025,30029,26
55025,31055,24
55025,31133,12
55025,32003,84
55025,32510,26
55025,34003,4
55025,34009,18
55025,34013,4
55025,34039,14
55025,36047,4
55025,36061,74
55025,36067,64
55025,36083,10
55025,36109,16
55025,37119,24
55025,37183,24
55025,38017,98
55025,39041,30
55025,39049,128
55025,39061,80
55025,39173,16
55025,41059,4
55025,42015,8
55025,42045,14
55025,42101,6
55025,45045,80
55025,46079,24
55025,47157,10
55025,47187,44
55025,48113,12
55025,48121,30
55025,48201,52
55025,48453,14
55025,48491,18
55025,49045,18
55025,51700,6
55025,55001,70
55025,55003,6
55025,55005,38
55025,55007,4
55025,55009,164
55025,55017,62
55025,55019,32
55025,55021,2810
55025,55023,46
55025,55027,1292
55025,55031,6
55025,55035,108
55025,55039,218
55025,55043,386
55025,55045,1856
55025,55047,152
55025,55049,1906
55025,55053,86
55025,55055,2940
55025,55057,158
55025,55059,52
55025,55063,282
55025,55065,108
55025,55071,12
55025,55073,92
55025,55077,22
55025,55079,1574
55025,55081,10
55025,55085,44
55025,55087,428
55025,55089,100
55025,55095,6
55025,55097,40
55025,55101,126
55025,55103,108
55025,55105,3780
55025,55109,6
55025,55111,3346
55025,55117,250
55025,55119,50
55025,55123,32
55025,55125,18
55025,55127,890
55025,55131,210
55025,55133,1788
55025,55137,18
55025,55139,514
55025,55141,84
55027,17007,4
55027,17031,74
55027,17043,82
55027,17137,40
55027,17161,20
55027,18097,8
55027,19043,38
55027,24001,18
55027,27053,12
55027,27123,2
55027,29095,6
55027,31043,10
55027,34003,8
55027,37119,22
55027,39061,4
55027,42091,26
55027,46051,6
55027,51153,6
55027,53033,14
55027,55005,6
55027,55009,66
55027,55021,2808
55027,55025,4680
55027,55033,6
55027,55039,5158
55027,55043,8
55027,55047,268
55027,55055,6698
55027,55057,36
55027,55059,20
55027,55063,32
55027,55071,6
55027,55073,6
55027,55075,20
55027,55077,12
55027,55078,8
55027,55079,2244
55027,55083,6
55027,55087,186
55027,55089,220
55027,55097,22
55027,55101,38
55027,55105,94
55027,55107,40
55027,55109,12
55027,55111,66
55027,55115,4
55027,55117,88
55027,55119,16
55027,55127,48
55027,55131,8016
55027,55133,5736
55027,55137,24
55027,55139,400
55027,55141,2
55029,06001,6
55029,06075,8
55029,12107,58
55029,17031,86
55029,17043,34
55029,17089,14
55029,17097,8
55029,17147,16
55029,17201,6
55029,18141,2
55029,26007,6
55029,26035,32
55029,26121,4
55029,27035,4
55029,27041,12
55029,39035,32
55029,48201,4
55029,55009,1860
55029,55015,2
55029,55019,84
55029,55025,26
55029,55039,10
55029,55055,8
55029,55061,1008
55029,55063,38
55029,55071,274
55029,55075,32
55029,55079,60
55029,55087,112
55029,55115,20
55029,55117,8
55029,55123,6
55029,55131,4
55029,55133,16
55029,55135,10
55029,55139,28
55031,04025,4
55031,08117,24
55031,16055,6
55031,17099,12
55031,17201,6
55031,19013,4
55031,19181,6
55031,26077,10
55031,26103,6
55031,26129,6
55031,27003,20
55031,27017,508
55031,27025,4
55031,27031,12
55031,27035,4
55031,27037,18
55031,27049,6
55031,27053,106
55031,27061,12
55031,27075,76
55031,27095,16
55031,27107,4
55031,27115,26
55031,27123,64
55031,27137,14514
55031,27145,40
55031,27163,32
55031,30063,4
55031,34031,4
55031,34041,4
55031,38017,4
55031,38035,6
55031,38053,6
55031,38061,10
55031,38101,8
55031,38103,6
55031,38105,18
55031,39049,6
55031,40119,6
55031,42049,6
55031,42051,4
55031,42127,4
55031,46081,4
55031,55003,74
55031,55005,62
55031,55007,180
55031,55009,14
55031,55013,68
55031,55017,2
55031,55033,10
55031,55035,26
55031,55057,8
55031,55063,20
55031,55079,6
55031,55081,18
55031,55099,56
55031,55109,4
55031,55113,72
55031,55117,4
55031,55123,14
55031,55129,426
55031,55133,8
55031,55141,22
55033,06071,4
55033,08037,6
55033,08123,6
55033,12095,4
55033,17031,22
55033,17043,2
55033,17097,4
55033,17099,4
55033,19153,6
55033,19155,6
55033,23011,22
55033,26081,2
55033,27003,12
55033,27013,6
55033,27019,4
55033,27025,6
55033,27037,160
55033,27049,24
55033,27053,438
55033,27063,4
55033,27085,4
55033,27095,6
55033,27111,4
55033,27123,314
55033,27131,10
55033,27139,70
55033,27141,6
55033,27145,4
55033,27161,4
55033,27163,276
55033,27169,46
55033,27171,18
55033,31109,14
55033,33009,26
55033,34013,4
55033,38017,8
55033,40143,24
55033,48157,10
55033,48201,30
55033,55003,12
55033,55005,624
55033,55011,42
55033,55013,22
55033,55017,1488
55033,55019,36
55033,55025,100
55033,55031,22
55033,55035,6730
55033,55047,4
55033,55053,18
55033,55057,46
55033,55063,12
55033,55067,170
55033,55073,160
55033,55078,20
55033,55081,10
55033,55083,12
55033,55091,436
55033,55093,672
55033,55095,216
55033,55097,46
55033,55101,4
55033,55105,16
55033,55107,122
55033,55109,2248
55033,55111,6
55033,55113,12
55033,55121,32
55033,55123,36
55033,55127,22
55033,55129,118
55033,55133,80
55033,55139,12
55033,55141,10
55035,04013,48
55035,12086,4
55035,13053,46
55035,13121,32
55035,17031,72
55035,17043,6
55035,17063,6
55035,19113,30
55035,19153,4
55035,22101,8
55035,26093,16
55035,27003,108
55035,27013,28
55035,27025,8
55035,27037,206
55035,27047,30
55035,27053,308
55035,27075,8
55035,27109,4
55035,27123,348
55035,27137,48
55035,27157,18
55035,27163,56
55035,27169,6
55035,28039,4
55035,29095,4
55035,32003,18
55035,34003,50
55035,35037,10
55035,37097,10
55035,37161,6
55035,38035,6
55035,38053,42
55035,38067,6
55035,39049,36
55035,42017,48
55035,55003,104
55035,55005,352
55035,55009,50
55035,55011,538
55035,55013,4
55035,55017,10382
55035,55019,186
55035,55025,60
55035,55027,6
55035,55031,44
55035,55033,2220
55035,55053,164
55035,55057,14
55035,55059,16
55035,55063,188
55035,55069,106
55035,55071,74
55035,55073,206
55035,55078,8
55035,55079,40
55035,55081,136
55035,55085,24
55035,55087,46
55035,55091,332
55035,55093,46
55035,55095,8
55035,55097,20
55035,55101,18
55035,55107,62
55035,55109,352
55035,55111,60
55035,55113,38
55035,55115,20
55035,55117,12
55035,55119,32
55035,55121,2026
55035,55129,26
55035,55133,106
55035,55135,70
55035,55139,12
55035,55141,184
55037,12071,8
55037,22033,4
55037,26041,20
55037,26043,1796
55037,26053,10
55037,26071,72
55037,26103,20
55037,26109,34
55037,26131,4
55037,36063,68
55037,55007,4
55037,55009,14
55037,55041,16
55037,55047,12
55037,55071,4
55037,55075,200
55037,55079,4
55037,55083,8
55037,55125,14
55037,55135,2
55037,55139,10
55039,08031,14
55039,09001,6
55039,17031,72
55039,17097,26
55039,17099,18
55039,19005,6
55039,19153,118
55039,21111,20
55039,26005,6
55039,27053,58
55039,27069,6
55039,29169,10
55039,34003,6
55039,44007,12
55039,45045,48
55039,47157,8
55039,48085,8
55039,48375,8
55039,48469,30
55039,49035,8
55039,51013,20
55039,51059,24
55039,51770,6
55039,55001,24
55039,55009,196
55039,55015,748
55039,55021,202
55039,55023,8
55039,55025,538
55039,55027,8428
55039,55035,10
55039,55043,8
55039,55047,1638
55039,55055,72
55039,55059,12
55039,55061,4
55039,55063,8
55039,55071,334
55039,55073,64
55039,55075,16
55039,55077,14
55039,55079,1364
55039,55083,6
55039,55087,1236
55039,55089,386
55039,55095,10
55039,55097,56
55039,55101,6
55039,55105,24
55039,55111,32
55039,55117,2672
55039,55119,26
55039,55125,4
55039,55127,16
55039,55131,3724
55039,55133,1222
55039,55135,16
55039,55137,26
55039,55139,6788
55039,55141,10
55041,06037,6
55041,06077,6
55041,17031,2
55041,18097,2
55041,18141,2
55041,19153,2
55041,23005,4
55041,26041,14
55041,26043,84
55041,26071,38
55041,27007,6
55041,27053,6
55041,42091,8
55041,55009,40
55041,55015,10
55041,55019,4
55041,55033,4
55041,55037,30
55041,55039,8
55041,55055,16
55041,55067,166
55041,55069,68
55041,55071,2
55041,55073,18
55041,55075,114
55041,55079,32
55041,55083,136
55041,55085,540
55041,55087,44
55041,55097,12
55041,55111,18
55041,55115,2
55041,55117,22
55041,55119,8
55041,55125,104
55041,55131,36
55041,55133,18
55041,55135,10
55041,55137,8
55041,55139,12
55041,55141,24
55043,05007,4
55043,12086,22
55043,17007,4
55043,17031,86
55043,17043,2
55043,17085,634
55043,17161,2
55043,17177,18
55043,17197,4
55043,17201,8
55043,19005,8
55043,19013,10
55043,19031,6
55043,19037,6
55043,19043,198
55043,19045,30
55043,19055,6
55043,19057,4
55043,19061,5586
55043,19089,4
55043,19095,18
55043,19097,8
55043,19139,4
55043,19147,2
55043,19163,16
55043,19167,8
55043,19171,4
55043,19191,6
55043,19193,4
55043,26047,14
55043,26109,2
55043,27015,32
55043,27037,4
55043,27039,4
55043,27053,36
55043,27055,4
55043,27057,2
55043,27109,6
55043,27169,4
55043,34025,12
55043,36055,10
55043,39141,4
55043,47157,6
55043,51069,4
55043,55003,12
55043,55005,52
55043,55015,10
55043,55021,46
55043,55023,2058
55043,55025,816
55043,55035,26
55043,55039,12
55043,55045,78
55043,55049,3056
55043,55053,24
55043,55055,44
55043,55057,6
55043,55059,2
55043,55063,100
55043,55065,1280
55043,55078,16
55043,55079,22
55043,55081,32
55043,55089,2
55043,55095,4
55043,55097,68
55043,55103,1090
55043,55105,58
55043,55109,30
55043,55111,322
55043,55115,4
55043,55119,12
55043,55123,102
55043,55127,4
55043,55129,10
55043,55131,12
55043,55133,118
55043,55139,8
55045,11001,8
55045,13063,4
55045,17007,22
55045,17031,54
55045,17043,4
55045,17073,16
55045,17085,22
55045,17089,10
55045,17111,18
55045,17141,32
55045,17177,520
55045,17195,4
55045,17201,400
55045,18003,38
55045,18039,6
55045,19045,20
55045,19061,10
55045,19153,4
55045,19179,16
55045,20193,6
55045,23005,4
55045,26163,6
55045,27053,6
55045,27055,8
55045,29141,6
55045,33011,32
55045,37081,6
55045,38105,4
55045,48061,4
55045,51013,4
55045,54039,6
55045,55009,4
55045,55019,6
55045,55021,6
55045,55023,4
55045,55025,10904
55045,55027,12
55045,55043,22
55045,55049,194
55045,55055,42
55045,55059,8
55045,55061,8
55045,55063,16
55045,55065,510
55045,55079,52
55045,55081,14
55045,55087,28
55045,55101,32
55045,55103,14
55045,55105,1814
55045,55109,6
55045,55111,64
55045,55117,6
55045,55119,8
55045,55127,4
55045,55131,6
55045,55133,50
55045,55139,22
55047,05007,4
55047,17031,20
55047,17037,4
55047,17043,8
55047,17075,6
55047,17097,8
55047,17191,14
55047,17197,8
55047,25017,10
55047,26055,10
55047,27003,2
55047,27019,4
55047,27037,4
55047,27053,6
55047,27137,8
55047,39113,14
55047,48113,6
55047,55001,20
55047,55009,50
55047,55015,4
55047,55019,8
55047,55021,654
55047,55025,222
55047,55027,850
55047,55035,22
55047,55039,3134
55047,55045,4
55047,55053,12
55047,55057,12
55047,55059,8
55047,55073,20
55047,55077,302
55047,55079,112
55047,55081,4
55047,55087,138
55047,55089,8
55047,55097,4
55047,55101,16
55047,55111,32
55047,55117,2
55047,55131,22
55047,55133,54
55047,55135,82
55047,55137,664
55047,55139,1570
55049,01097,4
55049,01101,14
55049,06037,2
55049,08107,4
55049,17031,50
55049,17085,16
55049,17195,12
55049,19007,4
55049,19019,4
55049,19057,20
55049,19061,98
55049,19075,4
55049,19103,8
55049,19105,28
55049,19113,8
55049,19163,8
55049,26125,8
55049,26161,4
55049,27037,4
55049,27039,10
55049,27067,12
55049,29189,4
55049,29201,4
55049,38105,6
55049,48073,4
55049,53005,12
55049,54005,4
55049,55001,6
55049,55009,4
55049,55017,4
55049,55021,8
55049,55023,10
55049,55025,6506
55049,55039,12
55049,55043,1346
55049,55045,170
55049,55055,46
55049,55065,452
55049,55067,6
55049,55071,6
55049,55079,92
55049,55087,4
55049,55103,220
55049,55105,48
55049,55111,966
55049,55123,14
55049,55125,4
55049,55127,4
55049,55133,28
55049,55139,8
55049,55141,4
55051,17089,4
55051,17097,2
55051,17197,4
55051,26053,1234
55051,26061,6
55051,26071,4
55051,26131,20
55051,27037,10
55051,27115,8
55051,27137,26
55051,27171,6
55051,29133,6
55051,38053,36
55051,38089,14
55051,55003,328
55051,55005,4
55051,55007,8
55051,55025,6
55051,55031,8
55051,55079,20
55051,55085,288
55051,55087,2
55051,55099,90
55051,55113,6
55051,55125,364
55051,55127,4
55051,55129,2
55053,01125,4
55053,02020,4
55053,17031,4
55053,17097,6
55053,17201,10
55053,18039,6
55053,18089,4
55053,19057,6
55053,19169,28
55053,26109,2
55053,27003,4
55053,27037,8
55053,27045,80
55053,27049,8
55053,27053,12
55053,27109,2
55053,27123,4
55053,27137,6
55053,27145,8
55053,27157,8
55053,27163,2
55053,27169,24
55053,31109,18
55053,34003,10
55053,38061,2
55053,46121,4
55053,48201,4
55053,55005,6
55053,55011,38
55053,55017,56
55053,55019,304
55053,55021,4
55053,55023,2
55053,55025,20
55053,55027,28
55053,55033,8
55053,55035,510
55053,55041,4
55053,55057,54
55053,55063,820
55053,55079,12
55053,55081,1540
55053,55093,16
55053,55097,12
55053,55111,10
55053,55113,4
55053,55117,6
55053,55121,1854
55053,55123,12
55053,55133,2
55053,55137,8
55053,55139,26
55053,55141,132
55055,12095,30
55055,13245,28
55055,17007,20
55055,17031,48
55055,17037,6
55055,17043,38
55055,17097,6
55055,17111,72
55055,17201,106
55055,18003,18
55055,18097,6
55055,19153,30
55055,22051,8
55055,26099,4
55055,26103,42
55055,26109,4
55055,26165,6
55055,27003,6
55055,27053,46
55055,29183,10
55055,36059,6
55055,36087,20
55055,36101,12
55055,45045,18
55055,48113,8
55055,55009,58
55055,55019,6
55055,55021,198
55055,55025,11246
55055,55027,4160
55055,55031,12
55055,55039,18
55055,55057,94
55055,55059,6
55055,55063,24
55055,55073,14
55055,55079,2884
55055,55081,4
55055,55087,78
55055,55089,66
55055,55101,234
55055,55105,1666
55055,55111,42
55055,55117,84
55055,55127,4612
55055,55131,408
55055,55133,13756
55055,55139,90
55055,55141,94
55057,08014,10
55057,08037,6
55057,09001,2
55057,12033,6
55057,17031,68
55057,17091,18
55057,17097,10
55057,17201,4
55057,19019,4
55057,20161,4
55057,25025,4
55057,27003,60
55057,27037,6
55057,27039,4
55057,27049,6
55057,27053,14
55057,27139,8
55057,28047,12
55057,29510,2
55057,38099,6
55057,39011,4
55057,55001,330
55057,55009,14
55057,55011,14
55057,55021,358
55057,55025,318
55057,55027,22
55057,55033,6
55057,55043,12
55057,55045,14
55057,55049,40
55057,55053,54
55057,55063,140
55057,55069,10
55057,55073,16
55057,55077,8
55057,55079,24
55057,55081,2366
55057,55089,2
55057,55099,6
55057,55101,18
55057,55103,48
55057,55107,6
55057,55111,3616
55057,55115,4
55057,55123,290
55057,55127,14
55057,55131,4
55057,55133,22
55057,55135,4
55057,55137,4
55057,55141,288
55059,04013,18
55059,04015,32
55059,06037,28
55059,06073,22
55059,08097,54
55059,12071,24
55059,12103,32
55059,17007,84
55059,17031,6930
55059,17037,160
55059,17043,664
55059,17049,28
55059,17067,26
55059,17089,252
55059,17093,32
55059,17097,31070
55059,17111,2482
55059,17115,18
55059,17143,10
55059,17197,56
55059,17201,50
55059,18097,136
55059,18127,20
55059,19067,18
55059,19105,20
55059,19163,32
55059,22017,18
55059,25023,20
55059,26081,48
55059,26125,28
55059,26163,12
55059,27013,112
55059,27053,34
55059,27123,138
55059,27143,16
55059,29189,20
55059,31119,6
55059,34023,40
55059,36029,8
55059,36047,36
55059,36119,8
55059,39035,26
55059,39093,38
55059,42057,14
55059,48029,20
55059,49035,50
55059,49053,24
55059,55009,46
55059,55023,28
55059,55025,194
55059,55027,4
55059,55039,10
55059,55045,52
55059,55049,12
55059,55055,44
55059,55071,58
55059,55079,6048
55059,55089,110
55059,55099,40
55059,55101,16944
55059,55105,58
55059,55117,52
55059,55127,2256
55059,55131,98
55059,55133,2116
55059,55139,36
55061,13103,6
55061,19055,6
55061,27037,8
55061,51181,6
55061,53063,8
55061,55007,6
55061,55009,6586
55061,55015,28
55061,55019,6
55061,55025,24
55061,55027,6
55061,55029,1356
55061,55033,6
55061,55037,26
55061,55039,4
55061,55063,8
55061,55071,964
55061,55075,6
55061,55079,28
55061,55083,38
55061,55085,6
55061,55087,124
55061,55105,4
55061,55117,70
55061,55127,16
55061,55133,30
55061,55139,72
55063,01073,12
55063,13255,18
55063,15001,36
55063,17031,14
55063,17043,36
55063,17089,18
55063,17097,12
55063,18141,26
55063,19013,6
55063,19061,6
55063,19103,34
55063,19113,30
55063,19191,4
55063,20155,4
55063,26163,22
55063,27015,34
55063,27035,30
55063,27037,14
55063,27045,24
55063,27049,88
55063,27053,108
55063,27055,1222
55063,27063,36
55063,27099,86
55063,27109,236
55063,27123,66
55063,27127,8
55063,27145,4
55063,27157,18
55063,27169,1290
55063,29031,16
55063,29111,16
55063,37067,4
55063,40109,34
55063,46013,64
55063,46041,12
55063,48157,28
55063,49035,40
55063,55001,6
55063,55005,58
55063,55007,8
55063,55009,42
55063,55011,84
55063,55017,38
55063,55021,34
55063,55023,26
55063,55025,142
55063,55027,6
55063,55033,26
55063,55035,64
55063,55039,30
55063,55043,14
55063,55053,382
55063,55057,234
55063,55073,54
55063,55079,174
55063,55081,3780
55063,55087,112
55063,55093,24
55063,55097,18
55063,55101,36
55063,55103,32
55063,55105,64
55063,55109,30
55063,55111,140
55063,55121,1756
55063,55123,920
55063,55127,6
55063,55131,56
55063,55133,30
55063,55137,16
55063,55139,22
55063,55141,62
55065,17031,6
55065,17035,2
55065,17043,8
55065,17073,2
55065,17085,412
55065,17097,4
55065,17161,12
55065,17177,114
55065,17201,12
55065,19043,4
55065,19057,2
55065,19061,964
55065,19073,2
55065,19097,4
55065,19153,4
55065,20079,4
55065,23031,4
55065,26163,2
55065,27099,6
55065,29510,2
55065,30047,4
55065,31151,4
55065,34003,12
55065,48439,6
55065,51059,10
55065,53053,10
55065,55011,4
55065,55021,18
55065,55025,1040
55065,55035,26
55065,55043,2182
55065,55045,1880
55065,55049,1456
55065,55063,6
55065,55079,10
55065,55081,18
55065,55085,10
55065,55103,16
55065,55105,56
55065,55111,30
55065,55117,10
55065,55125,6
55065,55127,4
55065,55133,6
55065,55139,14
55067,01005,16
55067,08059,6
55067,13067,14
55067,17031,12
55067,17097,6
55067,17197,8
55067,26043,4
55067,26071,4
55067,26081,10
55067,27037,2
55067,27053,4
55067,27123,4
55067,27137,16
55067,38035,2
55067,45045,16
55067,51003,6
55067,55003,6
55067,55009,36
55067,55015,8
55067,55017,18
55067,55019,10
55067,55025,34
55067,55027,8
55067,55029,4
55067,55039,6
55067,55041,278
55067,55047,6
55067,55053,14
55067,55055,10
55067,55069,354
55067,55071,8
55067,55073,1512
55067,55075,8
55067,55078,48
55067,55079,26
55067,55083,96
55067,55085,434
55067,55087,26
55067,55089,20
55067,55097,26
55067,55105,4
55067,55113,6
55067,55115,512
55067,55117,10
55067,55119,6
55067,55125,70
55067,55131,2
55067,55133,8
55067,55135,34
55067,55139,14
55067,55141,26
55069,05065,4
55069,05141,4
55069,17031,36
55069,17043,6
55069,17097,10
55069,17197,2
55069,17201,4
55069,18089,8
55069,26061,6
55069,26095,4
55069,26103,4
55069,26125,22
55069,27037,18
55069,27053,2
55069,38091,2
55069,42019,12
55069,42069,32
55069,47149,2
55069,55001,2
55069,55009,22
55069,55017,26
55069,55019,50
55069,55021,34
55069,55025,44
55069,55031,2
55069,55033,16
55069,55035,32
55069,55037,10
55069,55039,16
55069,55055,6
55069,55067,202
55069,55073,7140
55069,55079,10
55069,55081,16
55069,55085,1628
55069,55087,16
55069,55097,42
55069,55099,112
55069,55101,16
55069,55107,6
55069,55113,24
55069,55115,14
55069,55117,22
55069,55119,206
55069,55125,52
55069,55127,16
55069,55131,24
55069,55133,20
55069,55135,26
55069,55137,18
55069,55141,92
55071,06059,18
55071,08031,24
55071,08059,8
55071,13063,6
55071,17031,10
55071,17097,6
55071,17113,10
55071,18087,6
55071,18089,18
55071,19113,8
55071,26043,26
55071,26163,38
55071,27049,14
55071,27053,20
55071,27123,24
55071,29019,8
55071,29189,14
55071,34027,6
55071,35015,4
55071,37101,10
55071,37183,8
55071,38025,10
55071,42045,26
55071,48085,14
55071,51700,6
55071,53053,8
55071,55005,8
55071,55009,4026
55071,55015,2898
55071,55021,30
55071,55025,58
55071,55027,46
55071,55029,42
55071,55035,10
55071,55039,330
55071,55041,4
55071,55057,8
55071,55061,892
55071,55063,38
55071,55073,10
55071,55075,32
55071,55079,234
55071,55081,16
55071,55083,8
55071,55087,826
55071,55089,104
55071,55097,26
55071,55101,18
55071,55105,12
55071,55115,6
55071,55117,7392
55071,55125,6
55071,55131,102
55071,55133,50
55071,55135,76
55071,55139,578
55071,55141,4
55073,04019,6
55073,06047,8
55073,06067,2
55073,06081,16
55073,11001,6
55073,12057,10
55073,12071,14
55073,12095,24
55073,13245,4
55073,16039,6
55073,17031,26
55073,17037,10
55073,17089,8
55073,17097,38
55073,18097,16
55073,18151,10
55073,19103,4
55073,19153,4
55073,21167,16
55073,25017,6
55073,26017,12
55073,26043,18
55073,26055,10
55073,26061,26
55073,26079,4
55073,26081,4
55073,26087,10
55073,27001,4
55073,27037,8
55073,27053,60
55073,27085,4
55073,27093,36
55073,27097,32
55073,27103,6
55073,27109,12
55073,27123,18
55073,27163,4
55073,29510,34
55073,32031,2
55073,34039,6
55073,35025,4
55073,37133,6
55073,38011,4
55073,38053,6
55073,38061,6
55073,39049,34
55073,39153,4
55073,40109,30
55073,41045,4
55073,46069,4
55073,46099,4
55073,55001,20
55073,55009,330
55073,55011,6
55073,55017,62
55073,55019,1636
55073,55021,10
55073,55025,174
55073,55027,44
55073,55029,20
55073,55031,4
55073,55033,24
55073,55035,66
55073,55039,6
55073,55041,14
55073,55043,34
55073,55053,60
55073,55057,18
55073,55059,4
55073,55061,72
55073,55063,52
55073,55067,484
55073,55069,2032
55073,55071,26
55073,55075,4
55073,55078,2
55073,55079,56
55073,55081,4
55073,55083,24
55073,55085,80
55073,55087,118
55073,55093,12
55073,55095,38
55073,55097,2608
55073,55099,10
55073,55107,4
55073,55109,6
55073,55111,22
55073,55115,1444
55073,55117,22
55073,55119,1010
55073,55121,16
55073,55123,8
55073,55125,80
55073,55127,6
55073,55131,80
55073,55133,104
55073,55135,110
55073,55137,18
55073,55139,106
55073,55141,8892
55075,08041,16
55075,12086,14
55075,16019,12
55075,17031,96
55075,17111,4
55075,17197,44
55075,18039,18
55075,18097,110
55075,18123,8
55075,18167,2
55075,26041,50
55075,26043,2144
55075,26055,6
55075,26061,4
55075,26065,4
55075,26071,14
55075,26097,8
55075,26103,30
55075,26109,2494
55075,26151,4
55075,27029,6
55075,27037,24
55075,36055,6
55075,36107,8
55075,38053,4
55075,38061,38
55075,38105,6
55075,51059,6
55075,55001,18
55075,55009,1698
55075,55015,28
55075,55025,62
55075,55027,6
55075,55029,4
55075,55037,98
55075,55039,22
55075,55041,104
55075,55059,6
55075,55061,14
55075,55071,32
55075,55073,70
55075,55078,12
55075,55079,4
55075,55083,1490
55075,55085,18
55075,55087,162
55075,55097,6
55075,55101,30
55075,55107,12
55075,55111,6
55075,55115,14
55075,55117,46
55075,55125,8
55075,55133,26
55075,55135,14
55075,55139,38
55075,55141,6
55077,04013,4
55077,15003,8
55077,17023,4
55077,17031,18
55077,17089,20
55077,17097,4
55077,18097,6
55077,19013,4
55077,19111,4
55077,26081,4
55077,27021,4
55077,27055,6
55077,27061,2
55077,51149,12
55077,51197,30
55077,55001,394
55077,55009,12
55077,55021,2768
55077,55025,1084
55077,55027,130
55077,55035,36
55077,55039,320
55077,55045,6
55077,55047,538
55077,55055,20
55077,55057,22
55077,55063,4
55077,55067,2
55077,55073,12
55077,55079,120
55077,55085,10
55077,55087,6
55077,55089,6
55077,55097,52
55077,55105,32
55077,55109,2
55077,55111,706
55077,55113,6
55077,55117,22
55077,55131,30
55077,55133,94
55077,55135,38
55077,55137,480
55077,55139,170
55077,55141,12
55078,55009,66
55078,55083,38
55078,55087,6
55078,55115,316
55078,55135,52
55078,55139,8
55079,02110,30
55079,06001,62
55079,06037,90
55079,06075,56
55079,06085,26
55079,06093,4
55079,06097,22
55079,08013,12
55079,08031,98
55079,11001,16
55079,12011,22
55079,12021,48
55079,12031,10
55079,12086,20
55079,12095,62
55079,13031,16
55079,13073,16
55079,13089,12
55079,17027,18
55079,17031,2170
55079,17037,32
55079,17043,278
55079,17089,20
55079,17093,16
55079,17097,1684
55079,17099,12
55079,17111,66
55079,17183,36
55079,17189,20
55079,17197,62
55079,17201,204
55079,17203,8
55079,18081,14
55079,18083,30
55079,18089,14
55079,18091,20
55079,18097,46
55079,18137,18
55079,18167,4
55079,19013,44
55079,19045,16
55079,19103,22
55079,19163,20
55079,19169,14
55079,21047,22
55079,22051,12
55079,22071,14
55079,24003,16
55079,24031,42
55079,24510,12
55079,25017,16
55079,25021,36
55079,26025,18
55079,26033,22
55079,26069,12
55079,26103,32
55079,26121,54
55079,26125,8
55079,26161,20
55079,26163,100
55079,27003,18
55079,27037,26
55079,27053,134
55079,27109,40
55079,27123,90
55079,27147,28
55079,29169,26
55079,29189,14
55079,29510,12
55079,32003,36
55079,34003,14
55079,34007,14
55079,36005,28
55079,36047,16
55079,36061,32
55079,36093,42
55079,37119,20
55079,38035,34
55079,39049,36
55079,39051,16
55079,39061,16
55079,39095,10
55079,39153,14
55079,40143,18
55079,41067,18
55079,42091,8
55079,45041,44
55079,45045,12
55079,47037,82
55079,48085,18
55079,48113,32
55079,48115,106
55079,48201,24
55079,48439,66
55079,48491,26
55079,51059,26
55079,53011,10
55079,55005,22
55079,55009,384
55079,55013,16
55079,55015,152
55079,55021,132
55079,55025,1756
55079,55027,688
55079,55029,80
55079,55033,10
55079,55035,38
55079,55039,280
55079,55041,8
55079,55043,36
55079,55045,62
55079,55047,38
55079,55049,34
55079,55053,14
55079,55055,500
55079,55057,48
55079,55059,3418
55079,55061,60
55079,55063,26
55079,55071,108
55079,55073,78
55079,55075,88
55079,55077,54
55079,55078,122
55079,55081,18
55079,55087,152
55079,55089,15116
55079,55095,12
55079,55097,36
55079,55101,9584
55079,55105,74
55079,55107,26
55079,55109,46
55079,55111,106
55079,55115,74
55079,55117,1094
55079,55121,10
55079,55125,16
55079,55127,1062
55079,55129,44
55079,55131,9526
55079,55133,120706
55079,55137,8
55079,55139,294
55081,01089,6
55081,02020,6
55081,02185,6
55081,06037,2
55081,17031,14
55081,17097,6
55081,17113,22
55081,17161,8
55081,17201,6
55081,19043,18
55081,19061,10
55081,19153,12
55081,19181,2
55081,20091,2
55081,26081,16
55081,27027,4
55081,27037,22
55081,27049,8
55081,27053,32
55081,27055,16
55081,27109,10
55081,27139,10
55081,27157,34
55081,27169,44
55081,31153,18
55081,31155,8
55081,38105,4
55081,40031,12
55081,45079,12
55081,48485,4
55081,51760,4
55081,53063,4
55081,55005,8
55081,55009,8
55081,55015,2
55081,55017,8
55081,55019,10
55081,55023,14
55081,55025,70
55081,55027,18
55081,55035,42
55081,55043,4
55081,55053,756
55081,55055,4
55081,55057,1752
55081,55059,6
55081,55063,4510
55081,55069,26
55081,55071,4
55081,55073,4
55081,55079,14
55081,55091,10
55081,55093,8
55081,55097,24
55081,55101,8
55081,55103,12
55081,55105,4
55081,55109,2
55081,55111,202
55081,55119,12
55081,55121,68
55081,55123,980
55081,55125,6
55081,55131,10
55081,55133,14
55081,55141,52
55083,06073,18
55083,17031,40
55083,17097,44
55083,17197,10
55083,18003,4
55083,18111,8
55083,18167,6
55083,19045,4
55083,21059,20
55083,23007,4
55083,25025,6
55083,26021,22
55083,26043,44
55083,26063,6
55083,26071,4
55083,26109,124
55083,26147,4
55083,27003,6
55083,31053,6
55083,38099,4
55083,38105,6
55083,39061,6
55083,40097,6
55083,48113,24
55083,55001,18
55083,55009,15496
55083,55015,56
55083,55017,14
55083,55025,16
55083,55027,18
55083,55029,32
55083,55031,8
55083,55039,62
55083,55041,374
55083,55061,6
55083,55063,4
55083,55067,96
55083,55071,60
55083,55073,36
55083,55075,1916
55083,55078,178
55083,55079,22
55083,55087,614
55083,55089,42
55083,55097,16
55083,55099,4
55083,55101,10
55083,55115,1306
55083,55117,48
55083,55127,4
55083,55131,22
55083,55133,32
55083,55135,64
55083,55139,190
55085,01097,8
55085,05031,6
55085,12057,4
55085,12086,6
55085,17031,10
55085,17043,10
55085,17197,10
55085,19061,12
55085,26005,30
55085,26015,46
55085,26053,10
55085,27053,22
55085,27123,10
55085,34027,10
55085,37119,24
55085,38105,2
55085,39035,10
55085,55003,2
55085,55009,42
55085,55015,4
55085,55025,42
55085,55031,2
55085,55033,8
55085,55035,4
55085,55037,10
55085,55041,230
55085,55043,56
55085,55051,16
55085,55067,236
55085,55069,1986
55085,55073,452
55085,55079,52
55085,55083,46
55085,55087,8
55085,55089,6
55085,55097,40
55085,55099,150
55085,55105,12
55085,55107,12
55085,55111,4
55085,55117,34
55085,55119,42
55085,55121,22
55085,55123,4
55085,55125,2488
55085,55129,6
55085,55131,8
55085,55133,18
55085,55135,6
55085,55139,50
55085,55141,70
55085,56011,10
55087,02185,4
55087,06001,24
55087,06019,10
55087,06067,10
55087,06085,38
55087,08039,42
55087,13117,14
55087,17031,76
55087,17043,12
55087,17089,10
55087,17141,2
55087,17143,20
55087,18097,6
55087,19061,14
55087,21111,30
55087,24015,22
55087,25027,28
55087,26041,38
55087,26081,4
55087,26103,14
55087,26109,14
55087,26121,8
55087,27053,84
55087,27109,14
55087,27145,24
55087,27163,74
55087,35045,12
55087,38105,22
55087,39165,4
55087,40143,28
55087,45079,68
55087,48085,14
55087,48187,34
55087,53033,22
55087,54015,10
55087,55009,15900
55087,55015,4760
55087,55017,8
55087,55019,44
55087,55025,466
55087,55027,106
55087,55029,30
55087,55039,728
55087,55043,4
55087,55047,86
55087,55055,16
55087,55059,24
55087,55061,20
55087,55063,8
55087,55067,26
55087,55069,76
55087,55071,328
55087,55073,6
55087,55075,78
55087,55077,20
55087,55078,20
55087,55079,360
55087,55081,74
55087,55083,58
55087,55085,32
55087,55089,14
55087,55097,92
55087,55101,32
55087,55107,4
55087,55113,4
55087,55115,394
55087,55117,142
55087,55125,4
55087,55127,16
55087,55131,106
55087,55133,126
55087,55135,3676
55087,55137,138
55087,55139,35536
55087,55141,156
55089,06075,14
55089,13097,10
55089,17031,196
55089,17043,12
55089,17089,40
55089,17097,64
55089,17105,22
55089,17177,10
55089,17201,16
55089,18097,4
55089,18175,8
55089,22017,6
55089,22033,24
55089,26081,20
55089,27053,10
55089,27123,20
55089,28047,14
55089,35001,38
55089,36061,34
55089,37001,66
55089,37063,22
55089,37183,6
55089,47113,20
55089,48085,20
55089,53005,10
55089,55009,108
55089,55025,278
55089,55027,228
55089,55029,34
55089,55039,166
55089,55055,26
55089,55059,72
55089,55061,6
55089,55071,190
55089,55079,28358
55089,55087,14
55089,55097,74
55089,55101,236
55089,55117,2706
55089,55127,32
55089,55131,4768
55089,55133,6310
55089,55135,18
55089,55139,134
55091,17031,4
55091,25005,6
55091,27035,4
55091,27037,32
55091,27049,244
55091,27053,66
55091,27109,34
55091,27123,30
55091,27131,2
55091,27139,6
55091,27147,2
55091,27157,274
55091,27163,4
55091,27169,46
55091,31055,8
55091,48155,6
55091,48281,12
55091,55005,6
55091,55007,4
55091,55011,344
55091,55017,62
55091,55019,8
55091,55023,4
55091,55025,4
55091,55033,776
55091,55035,730
55091,55053,6
55091,55081,8
55091,55093,454
55091,55095,10
55091,55103,4
55091,55109,92
55091,55121,146
55093,06013,8
55093,08059,6
55093,12086,6
55093,13053,12
55093,13121,16
55093,17031,8
55093,17099,4
55093,19113,34
55093,19153,16
55093,25017,32
55093,27003,112
55093,27009,24
55093,27011,14
55093,27019,18
55093,27025,34
55093,27037,3570
55093,27049,3872
55093,27053,2438
55093,27087,4
55093,27105,24
55093,27109,94
55093,27111,4
55093,27119,30
55093,27123,3430
55093,27131,168
55093,27139,42
55093,27141,8
55093,27157,130
55093,27163,3598
55093,27171,14
55093,35025,8
55093,38017,6
55093,38105,4
55093,39109,12
55093,47157,6
55093,48201,4
55093,49035,6
55093,55009,16
55093,55011,46
55093,55013,6
55093,55017,94
55093,55025,70
55093,55033,678
55093,55035,208
55093,55055,14
55093,55063,28
55093,55069,4
55093,55071,14
55093,55073,4
55093,55078,4
55093,55085,12
55093,55091,194
55093,55095,120
55093,55101,8
55093,55109,8868
55093,55127,4
55093,55137,2
55095,06037,6
55095,06075,4
55095,09001,30
55095,11001,12
55095,12103,4
55095,13063,12
55095,15003,4
55095,17031,22
55095,17097,12
55095,18097,6
55095,19103,8
55095,19141,6
55095,19153,12
55095,26103,4
55095,27003,682
55095,27017,10
55095,27019,40
55095,27025,1556
55095,27033,6
55095,27035,4
55095,27037,388
55095,27041,8
55095,27049,18
55095,27053,1298
55095,27059,6
55095,27065,26
55095,27079,6
55095,27085,8
55095,27093,14
55095,27095,8
55095,27109,18
55095,27115,26
55095,27123,1980
55095,27129,8
55095,27137,58
55095,27139,48
55095,27141,44
55095,27147,18
55095,27163,2524
55095,27169,54
55095,27171,14
55095,29189,26
55095,30085,28
55095,30111,8
55095,35049,22
55095,36029,4
55095,36081,18
55095,38015,14
55095,38035,26
55095,38053,26
55095,39049,8
55095,46099,22
55095,48085,4
55095,48201,14
55095,55005,1684
55095,55007,4
55095,55013,1020
55095,55021,4
55095,55025,6
55095,55029,6
55095,55031,50
55095,55033,132
55095,55035,32
55095,55039,10
55095,55059,4
55095,55063,10
55095,55078,12
55095,55079,4
55095,55087,4
55095,55091,8
55095,55093,100
55095,55097,10
55095,55099,6
55095,55107,30
55095,55109,3788
55095,55115,4
55095,55123,10
55095,55125,14
55095,55129,80
55095,55131,4
55095,55137,20
55095,56021,4
55097,04013,4
55097,06067,22
55097,11001,20
55097,16001,4
55097,17031,62
55097,17043,12
55097,17099,52
55097,17111,138
55097,19101,4
55097,19153,16
55097,21111,12
55097,23017,4
55097,24031,4
55097,26083,32
55097,26097,20
55097,27017,4
55097,27053,22
55097,27061,8
55097,27099,6
55097,27137,34
55097,27149,38
55097,27163,20
55097,27169,14
55097,31177,16
55097,37063,8
55097,38017,54
55097,38105,6
55097,39017,4
55097,39113,4
55097,42091,4
55097,48113,4
55097,49057,4
55097,53033,6
55097,55001,110
55097,55009,92
55097,55011,10
55097,55015,6
55097,55017,30
55097,55019,62
55097,55021,64
55097,55025,158
55097,55027,28
55097,55033,12
55097,55035,28
55097,55039,112
55097,55041,10
55097,55047,18
55097,55053,64
55097,55057,32
55097,55061,4
55097,55063,12
55097,55067,6
55097,55069,36
55097,55073,3414
55097,55077,30
55097,55079,40
55097,55081,6
55097,55085,30
55097,55087,312
55097,55105,82
55097,55107,4
55097,55111,102
55097,55115,144
55097,55117,46
55097,55119,20
55097,55121,26
55097,55127,30
55097,55133,34
55097,55135,2376
55097,55137,754
55097,55139,188
55097,55141,4970
55099,17031,6
55099,17043,2
55099,17197,2
55099,18039,8
55099,26053,18
55099,26065,4
55099,26071,4
55099,27041,4
55099,27049,4
55099,27137,6
55099,41055,4
55099,47155,6
55099,55003,100
55099,55005,26
55099,55009,6
55099,55017,4
55099,55019,16
55099,55025,20
55099,55035,14
55099,55041,4
55099,55051,26
55099,55067,6
55099,55069,128
55099,55073,78
55099,55077,6
55099,55078,2
55099,55079,16
55099,55081,8
55099,55085,176
55099,55087,8
55099,55097,2
55099,55107,404
55099,55113,76
55099,55119,542
55099,55125,130
55099,55129,6
55099,55133,4
55099,55135,2
55099,55139,8
55099,55141,38
55101,04013,20
55101,06037,52
55101,06081,14
55101,10001,30
55101,10003,6
55101,12011,16
55101,13089,60
55101,17007,48
55101,17027,62
55101,17031,1242
55101,17043,142
55101,17097,3284
55101,17111,36
55101,17197,56
55101,17201,14
55101,18089,16
55101,18141,2
55101,18163,4
55101,20149,16
55101,24031,16
55101,26163,36
55101,27003,22
55101,27053,26
55101,27099,10
55101,29510,82
55101,34027,16
55101,36001,2
55101,36061,8
55101,37071,24
55101,38079,6
55101,40143,16
55101,41051,48
55101,42049,16
55101,42077,6
55101,42091,6
55101,45079,12
55101,45091,12
55101,47065,22
55101,48201,62
55101,51059,14
55101,53063,24
55101,55003,6
55101,55005,62
55101,55009,50
55101,55019,16
55101,55025,136
55101,55027,84
55101,55035,24
55101,55039,182
55101,55051,24
55101,55055,116
55101,55057,36
55101,55059,14080
55101,55063,14
55101,55073,42
55101,55079,30170
55101,55085,22
55101,55089,168
55101,55095,6
55101,55099,34
55101,55105,168
55101,55115,4
55101,55117,82
55101,55127,3562
55101,55131,322
55101,55133,10022
55101,55139,34
55103,05009,2
55103,13121,2
55103,17031,26
55103,17043,28
55103,17091,4
55103,17177,6
55103,18089,2
55103,19163,6
55103,19191,10
55103,26125,4
55103,27003,12
55103,39049,2
55103,41051,2
55103,53055,4
55103,55001,4
55103,55009,2
55103,55021,52
55103,55023,78
55103,55025,926
55103,55027,8
55103,55029,2
55103,55031,4
55103,55033,6
55103,55043,752
55103,55049,434
55103,55053,10
55103,55057,100
55103,55063,158
55103,55065,14
55103,55079,14
55103,55081,138
55103,55083,4
55103,55087,4
55103,55089,4
55103,55097,6
55103,55105,4
55103,55109,4
55103,55111,2072
55103,55123,886
55103,55127,8
55103,55133,46
55103,55139,4
55105,01097,4
55105,02020,52
55105,04019,8
55105,05033,6
55105,06059,34
55105,12086,2
55105,12095,74
55105,17007,932
55105,17031,530
55105,17037,32
55105,17043,22
55105,17045,22
55105,17089,126
55105,17093,54
55105,17097,176
55105,17099,10
55105,17111,204
55105,17141,98
55105,17177,46
55105,17195,48
55105,17201,8626
55105,18003,186
55105,18069,6
55105,18087,40
55105,18089,22
55105,18097,4
55105,19017,4
55105,19061,8
55105,20173,10
55105,20209,148
55105,21227,4
55105,23025,10
55105,26099,30
55105,26161,6
55105,27017,16
55105,27123,52
55105,27171,20
55105,29183,6
55105,32003,6
55105,36081,68
55105,36117,18
55105,39049,54
55105,39061,46
55105,39151,22
55105,39155,10
55105,40047,6
55105,40051,4
55105,40099,30
55105,45031,6
55105,47157,32
55105,48141,20
55105,48201,16
55105,51157,6
55105,53027,20
55105,53063,18
55105,55009,78
55105,55011,22
55105,55017,12
55105,55021,48
55105,55025,18854
55105,55027,346
55105,55035,8
55105,55039,32
55105,55045,2378
55105,55049,98
55105,55055,3148
55105,55061,76
55105,55065,30
55105,55067,2
55105,55071,18
55105,55077,18
55105,55079,524
55105,55081,48
55105,55083,16
55105,55087,24
55105,55091,4
55105,55097,20
55105,55101,160
55105,55103,18
55105,55111,36
55105,55119,10
55105,55123,24
55105,55127,6318
55105,55133,722
55105,55135,6
55105,55139,12
55105,55141,16
55107,01089,6
55107,12031,4
55107,17007,14
55107,17031,4
55107,17063,4
55107,18055,16
55107,19049,4
55107,19153,4
55107,19187,4
55107,26065,2
55107,27013,4
55107,27019,4
55107,27037,2
55107,27053,30
55107,27105,6
55107,27109,12
55107,27123,4
55107,27157,4
55107,27169,2
55107,27171,6
55107,29001,2
55107,38105,14
55107,46089,4
55107,47093,4
55107,49035,6
55107,53015,12
55107,54017,6
55107,55003,4
55107,55005,1038
55107,55009,6
55107,55017,616
55107,55019,22
55107,55027,12
55107,55031,4
55107,55033,64
55107,55035,254
55107,55039,4
55107,55041,4
55107,55043,2
55107,55063,2
55107,55069,6
55107,55073,26
55107,55081,10
55107,55093,6
55107,55095,4
55107,55099,100
55107,55109,12
55107,55113,122
55107,55119,112
55107,55121,6
55107,55129,74
55107,55133,4
55107,55139,4
55107,55141,14
55109,04013,10
55109,06081,68
55109,09001,22
55109,12105,32
55109,13121,6
55109,17031,22
55109,17113,6
55109,19089,22
55109,19153,46
55109,23005,8
55109,26081,44
55109,26161,4
55109,27003,740
55109,27009,8
55109,27013,28
55109,27017,4
55109,27019,184
55109,27025,78
55109,27027,4
55109,27035,16
55109,27037,4080
55109,27049,180
55109,27053,7494
55109,27067,86
55109,27069,54
55109,27085,8
55109,27093,6
55109,27103,6
55109,27115,28
55109,27123,12688
55109,27131,6
55109,27137,36
55109,27139,176
55109,27141,36
55109,27145,52
55109,27147,26
55109,27163,12874
55109,27169,6
55109,27171,34
55109,37119,16
55109,38017,8
55109,38053,24
55109,38105,6
55109,48201,6
55109,53033,108
55109,54039,16
55109,55005,158
55109,55011,2
55109,55013,92
55109,55017,20
55109,55025,58
55109,55027,2
55109,55031,10
55109,55033,1324
55109,55035,564
55109,55043,38
55109,55075,4
55109,55078,44
55109,55079,52
55109,55081,26
55109,55093,2582
55109,55095,1822
55109,55103,4
55109,55105,6
55109,55111,38
55109,55117,30
55109,55121,8
55109,55129,202
55109,55131,102
55109,55141,8
55111,04027,2
55111,05007,10
55111,05119,2
55111,06111,4
55111,12009,4
55111,17007,10
55111,17031,58
55111,17043,24
55111,17089,22
55111,17097,8
55111,17113,32
55111,17197,12
55111,17201,4
55111,19033,8
55111,19061,6
55111,27037,4
55111,27049,30
55111,27153,104
55111,27163,6
55111,31145,6
55111,34003,12
55111,34025,6
55111,38055,4
55111,38089,4
55111,46093,4
55111,47187,4
55111,48121,6
55111,53061,6
55111,53073,6
55111,53075,6
55111,54039,6
55111,55001,282
55111,55009,22
55111,55011,4
55111,55015,2
55111,55021,1882
55111,55025,8754
55111,55027,40
55111,55035,10
55111,55039,24
55111,55043,52
55111,55045,34
55111,55047,40
55111,55049,794
55111,55053,42
55111,55055,4
55111,55057,920
55111,55063,12
55111,55065,20
55111,55071,4
55111,55073,8
55111,55077,94
55111,55079,64
55111,55081,84
55111,55087,6
55111,55089,6
55111,55097,24
55111,55101,14
55111,55103,618
55111,55105,82
55111,55113,10
55111,55123,142
55111,55133,28
55111,55137,2
55111,55139,20
55111,55141,8
55113,08119,6
55113,17031,18
55113,17097,4
55113,17177,6
55113,17197,12
55113,18029,6
55113,19143,12
55113,25025,4
55113,26033,6
55113,27003,20
55113,27015,4
55113,27053,46
55113,27059,2
55113,27109,2
55113,27123,22
55113,27137,62
55113,27145,16
55113,27163,10
55113,27167,4
55113,31109,4
55113,36029,2
55113,38101,2
55113,39035,12
55113,42091,2
55113,55003,44
55113,55005,330
55113,55007,156
55113,55013,30
55113,55017,34
55113,55025,6
55113,55031,34
55113,55033,16
55113,55035,84
55113,55045,12
55113,55063,12
55113,55067,6
55113,55069,2
55113,55079,2
55113,55081,2
55113,55083,8
55113,55087,6
55113,55095,22
55113,55099,128
55113,55107,450
55113,55109,8
55113,55111,6
55113,55119,2
55113,55125,12
55113,55129,446
55113,55131,8
55115,06079,4
55115,11001,6
55115,17007,22
55115,17031,8
55115,17037,6
55115,17097,8
55115,19013,4
55115,19015,6
55115,19103,4
55115,19153,6
55115,19169,4
55115,26031,4
55115,27013,10
55115,27053,8
55115,27123,12
55115,30083,2
55115,30085,4
55115,38023,4
55115,38061,4
55115,38073,4
55115,39095,18
55115,42077,4
55115,48029,4
55115,48201,2
55115,48245,4
55115,55009,5908
55115,55015,56
55115,55021,16
55115,55025,12
55115,55027,26
55115,55029,12
55115,55031,6
55115,55035,6
55115,55039,28
55115,55041,6
55115,55043,4
55115,55047,8
55115,55053,8
55115,55057,6
55115,55061,26
55115,55067,808
55115,55069,10
55115,55071,24
55115,55073,2110
55115,55075,28
55115,55078,1694
55115,55079,102
55115,55081,8
55115,55083,510
55115,55085,22
55115,55087,1708
55115,55089,6
55115,55097,162
55115,55101,8
55115,55107,22
55115,55113,6
55115,55117,4
55115,55121,8
55115,55125,4
55115,55131,10
55115,55133,12
55115,55135,2810
55115,55137,6
55115,55139,372
55115,55141,16
55117,06075,6
55117,11001,20
55117,12086,6
55117,12095,6
55117,17031,76
55117,17043,38
55117,17089,10
55117,17097,18
55117,19113,8
55117,25015,6
55117,26081,4
55117,26139,10
55117,26163,6
55117,27037,6
55117,27099,12
55117,27131,6
55117,29189,22
55117,37101,10
55117,39095,8
55117,39151,4
55117,48061,6
55117,55005,30
55117,55009,458
55117,55015,594
55117,55021,16
55117,55025,132
55117,55027,188
55117,55029,16
55117,55035,4
55117,55039,1074
55117,55045,4
55117,55055,6
55117,55059,24
55117,55061,6
55117,55071,3428
55117,55075,6
55117,55077,30
55117,55079,3006
55117,55081,4
55117,55083,16
55117,55087,118
55117,55089,5260
55117,55097,20
55117,55099,6
55117,55101,10
55117,55119,8
55117,55123,10
55117,55125,20
55117,55127,10
55117,55131,1880
55117,55133,732
55117,55135,4
55117,55137,2
55117,55139,340
55119,06053,2
55119,16027,4
55119,17197,4
55119,17201,4
55119,18097,4
55119,21111,4
55119,23019,4
55119,26071,4
55119,27003,2
55119,27053,26
55119,27109,4
55119,27113,8
55119,27137,2
55119,27171,10
55119,34007,6
55119,36029,4
55119,38015,4
55119,38061,4
55119,38101,4
55119,40143,6
55119,48205,4
55119,55001,10
55119,55003,12
55119,55005,14
55119,55009,40
55119,55013,14
55119,55017,314
55119,55019,1660
55119,55021,4
55119,55025,14
55119,55027,30
55119,55029,6
55119,55031,16
55119,55033,26
55119,55035,114
55119,55039,4
55119,55049,4
55119,55051,4
55119,55063,4
55119,55067,8
55119,55069,136
55119,55073,1160
55119,55075,2
55119,55079,16
55119,55081,14
55119,55085,26
55119,55087,22
55119,55093,34
55119,55097,24
55119,55099,374
55119,55101,6
55119,55105,4
55119,55107,270
55119,55109,30
55119,55113,8
55119,55117,8
55119,55121,10
55119,55131,18
55119,55133,50
55119,55139,4
55119,55141,284
55121,06037,2
55121,09001,4
55121,17031,8
55121,17043,6
55121,18063,12
55121,19061,6
55121,19197,6
55121,21111,2
55121,21145,4
55121,27007,14
55121,27013,6
55121,27037,20
55121,27045,4
55121,27053,20
55121,27055,34
55121,27109,40
55121,27169,1682
55121,38071,4
55121,38077,6
55121,38101,22
55121,40143,6
55121,42017,4
55121,55001,14
55121,55005,8
55121,55009,4
55121,55011,304
55121,55017,288
55121,55019,58
55121,55021,6
55121,55023,6
55121,55025,16
55121,55027,6
55121,55033,114
55121,55035,1938
55121,55039,24
55121,55053,802
55121,55063,3754
55121,55069,4
55121,55073,14
55121,55077,6
55121,55078,2
55121,55079,14
55121,55081,160
55121,55087,6
55121,55093,4
55121,55095,4
55121,55097,10
55121,55101,8
55121,55107,14
55121,55109,16
55121,55111,10
55121,55115,2
55121,55117,6
55121,55123,6
55121,55129,14
55121,55141,20
55123,06037,8
55123,17031,22
55123,17097,4
55123,19005,74
55123,19013,4
55123,19043,4
55123,19055,2
55123,19061,4
55123,19063,28
55123,19097,6
55123,19113,2
55123,19169,4
55123,19191,6
55123,26163,6
55123,27037,2
55123,27049,2
55123,27053,48
55123,27055,48
55123,27103,6
55123,27109,10
55123,27123,24
55123,27137,2
55123,27169,56
55123,28149,4
55123,37119,24
55123,38099,4
55123,39025,4
55123,39165,20
55123,48139,6
55123,48441,2
55123,55001,8
55123,55007,8
55123,55009,16
55123,55011,10
55123,55021,2
55123,55023,254
55123,55025,90
55123,55027,16
55123,55033,4
55123,55035,16
55123,55039,28
55123,55043,78
55123,55045,24
55123,55049,26
55123,55053,6
55123,55055,6
55123,55057,558
55123,55059,4
55123,55063,6152
55123,55079,6
55123,55081,1734
55123,55101,10
55123,55103,702
55123,55109,4
55123,55111,444
55123,55121,30
55123,55125,4
55123,55133,12
55123,55139,4
55125,02020,26
55125,04013,4
55125,06059,4
55125,06085,6
55125,17031,64
55125,17037,4
55125,17043,80
55125,17089,20
55125,17097,4
55125,17201,14
55125,18003,14
55125,21067,6
55125,26043,26
55125,26053,54
55125,26071,42
55125,27031,2
55125,27037,6
55125,38053,10
55125,45019,4
55125,46099,20
55125,47037,16
55125,48201,2
55125,53007,8
55125,55003,6
55125,55009,10
55125,55019,8
55125,55025,76
55125,55033,6
55125,55037,8
55125,55041,40
55125,55051,54
55125,55055,10
55125,55063,14
55125,55067,34
55125,55069,42
55125,55073,90
55125,55075,6
55125,55079,48
55125,55085,3552
55125,55087,6
55125,55089,14
55125,55097,6
55125,55099,32
55125,55105,6
55125,55109,12
55125,55117,8
55125,55133,58
55125,55139,16
55125,55141,18
55127,01101,6
55127,04013,30
55127,09001,48
55127,09003,16
55127,11001,30
55127,13067,6
55127,17007,210
55127,17031,1868
55127,17037,24
55127,17043,308
55127,17063,6
55127,17085,6
55127,17089,286
55127,17091,6
55127,17093,6
55127,17097,2266
55127,17111,4278
55127,17141,6
55127,17155,6
55127,17157,6
55127,17197,22
55127,17201,458
55127,17203,12
55127,18073,6
55127,19055,14
55127,25017,4
55127,25025,20
55127,26021,4
55127,26163,76
55127,30083,42
55127,31109,8
55127,34027,26
55127,36029,6
55127,36061,6
55127,36067,10
55127,37065,14
55127,38101,10
55127,39035,6
55127,39049,36
55127,39149,6
55127,40017,6
55127,48113,14
55127,48181,36
55127,53033,10
55127,55003,10
55127,55009,12
55127,55015,6
55127,55021,6
55127,55025,1372
55127,55027,52
55127,55029,34
55127,55035,18
55127,55039,18
55127,55043,8
55127,55045,24
55127,55047,50
55127,55055,2336
55127,55059,1676
55127,55063,10
55127,55071,44
55127,55079,5772
55127,55083,42
55127,55085,84
55127,55087,16
55127,55089,50
55127,55093,22
55127,55097,20
55127,55101,4990
55127,55105,3320
55127,55109,6
55127,55111,44
55127,55117,30
55127,55123,12
55127,55131,120
55127,55133,7480
55129,06037,16
55129,09001,2
55129,17031,14
55129,17093,8
55129,17105,4
55129,17141,4
55129,17161,4
55129,17201,2
55129,19013,4
55129,19033,6
55129,20103,12
55129,26075,14
55129,26099,10
55129,27003,22
55129,27009,4
55129,27017,14
55129,27019,4
55129,27037,24
55129,27049,4
55129,27053,90
55129,27059,8
55129,27067,4
55129,27075,2
55129,27109,8
55129,27123,54
55129,27137,72
55129,27139,4
55129,27141,14
55129,27169,4
55129,38053,10
55129,38105,6
55129,55003,18
55129,55005,1612
55129,55007,32
55129,55013,398
55129,55017,96
55129,55019,2
55129,55025,14
55129,55027,28
55129,55031,70
55129,55033,4
55129,55035,42
55129,55053,6
55129,55063,4
55129,55093,8
55129,55095,104
55129,55107,22
55129,55109,48
55129,55113,1562
55129,55121,4
55129,55135,16
55129,55141,22
55129,56037,14
55131,05065,38
55131,06037,24
55131,06059,34
55131,06111,14
55131,06113,28
55131,08041,8
55131,17031,128
55131,17043,22
55131,17089,8
55131,17097,96
55131,17099,32
55131,17111,38
55131,17163,38
55131,18089,6
55131,19061,18
55131,19103,82
55131,21151,32
55131,26145,16
55131,26163,10
55131,27053,2
55131,27123,40
55131,36061,14
55131,41067,10
55131,42075,6
55131,42101,16
55131,44003,8
55131,45045,2
55131,47157,40
55131,48029,26
55131,48121,82
55131,48157,22
55131,55009,54
55131,55015,32
55131,55019,10
55131,55021,100
55131,55025,716
55131,55027,2288
55131,55033,44
55131,55035,30
55131,55039,1442
55131,55043,8
55131,55045,6
55131,55047,6
55131,55055,190
55131,55059,190
55131,55071,24
55131,55073,60
55131,55075,26
55131,55078,30
55131,55079,27860
55131,55085,8
55131,55087,110
55131,55089,9754
55131,55097,36
55131,55101,220
55131,55105,134
55131,55111,8
55131,55117,982
55131,55121,46
55131,55127,130
55131,55133,27406
55131,55135,90
55131,55139,138
55133,01081,20
55133,04013,78
55133,04019,62
55133,05007,16
55133,06059,36
55133,06075,8
55133,06085,30
55133,08014,26
55133,08031,24
55133,08041,10
55133,09003,72
55133,09011,44
55133,11001,18
55133,12011,4
55133,12021,4
55133,12057,16
55133,12071,18
55133,12099,8
55133,12103,46
55133,12109,20
55133,12127,20
55133,13063,14
55133,13121,30
55133,13127,30
55133,17001,18
55133,17015,68
55133,17031,930
55133,17037,6
55133,17043,268
55133,17089,44
55133,17097,352
55133,17099,16
55133,17111,126
55133,17161,22
55133,17197,62
55133,17201,70
55133,18095,8
55133,18097,54
55133,19005,30
55133,19029,20
55133,19033,8
55133,19057,24
55133,19065,16
55133,19099,18
55133,19153,38
55133,19191,12
55133,21047,4
55133,22051,14
55133,25009,24
55133,26043,8
55133,26163,36
55133,27053,120
55133,27111,22
55133,27123,2
55133,27163,10
55133,27169,20
55133,28089,16
55133,29510,6
55133,31003,38
55133,31055,24
55133,32003,10
55133,34027,20
55133,34039,14
55133,36027,28
55133,36029,38
55133,36061,2
55133,36081,22
55133,37105,14
55133,37119,32
55133,39035,24
55133,39113,24
55133,39153,106
55133,40121,4
55133,42029,36
55133,42045,8
55133,42101,32
55133,45079,22
55133,47059,12
55133,48085,18
55133,48113,40
55133,48201,42
55133,48339,6
55133,49035,18
55133,51013,24
55133,51730,18
55133,53033,66
55133,55001,24
55133,55003,16
55133,55005,32
55133,55009,292
55133,55011,28
55133,55015,22
55133,55021,34
55133,55025,3012
55133,55027,1380
55133,55033,20
55133,55035,20
55133,55039,358
55133,55043,44
55133,55047,30
55133,55055,2540
55133,55059,1080
55133,55063,6
55133,55071,74
55133,55073,16
55133,55075,74
55133,55078,30
55133,55079,116542
55133,55081,42
55133,55083,62
55133,55087,100
55133,55089,3968
55133,55097,20
55133,55101,4156
55133,55103,18
55133,55105,340
55133,55109,20
55133,55111,138
55133,55113,54
55133,55115,12
55133,55117,268
55133,55121,6
55133,55127,2966
55133,55131,9062
55133,55135,4
55133,55137,32
55133,55139,168
55135,06037,62
55135,06059,4
55135,08041,6
55135,12086,22
55135,12095,24
55135,17031,12
55135,17085,8
55135,17097,46
55135,17113,6
55135,18039,36
55135,19061,26
55135,19113,10
55135,26099,2
55135,26149,2
55135,26163,8
55135,27071,8
55135,29169,32
55135,32003,30
55135,34003,12
55135,37119,6
55135,46099,8
55135,47037,2
55135,55001,4
55135,55003,4
55135,55005,98
55135,55009,450
55135,55015,154
55135,55017,4
55135,55019,6
55135,55021,12
55135,55025,34
55135,55027,58
55135,55031,6
55135,55035,12
55135,55039,74
55135,55047,58
55135,55055,6
55135,55057,22
55135,55059,14
55135,55061,20
55135,55067,10
55135,55069,6
55135,55071,26
55135,55073,140
55135,55077,26
55135,55078,32
55135,55079,138
55135,55081,20
55135,55083,34
55135,55085,40
55135,55087,8506
55135,55089,12
55135,55097,1842
55135,55101,10
55135,55115,1292
55135,55117,16
55135,55125,4
55135,55131,12
55135,55133,132
55135,55137,688
55135,55139,3684
55135,55141,206
55137,08069,6
55137,16001,12
55137,17031,18
55137,17043,14
55137,17089,4
55137,17099,4
55137,17201,8
55137,18073,4
55137,19103,16
55137,19113,14
55137,26163,24
55137,27053,6
55137,27145,12
55137,27163,10
55137,39043,4
55137,48113,6
55137,51760,4
55137,53035,6
55137,55001,222
55137,55007,4
55137,55009,76
55137,55015,14
55137,55019,4
55137,55021,62
55137,55025,104
55137,55027,22
55137,55035,10
55137,55039,670
55137,55045,12
55137,55047,1532
55137,55055,10
55137,55057,32
55137,55059,24
55137,55063,30
55137,55067,4
55137,55069,6
55137,55073,38
55137,55075,22
55137,55077,596
55137,55079,74
55137,55081,4
55137,55087,816
55137,55089,6
55137,55097,1530
55137,55101,6
55137,55105,6
55137,55111,6
55137,55115,10
55137,55117,10
55137,55119,8
55137,55133,84
55137,55135,1514
55137,55139,2256
55137,55141,176
55139,06073,18
55139,06097,94
55139,17031,90
55139,17043,60
55139,17089,36
55139,17097,10
55139,17111,16
55139,17197,8
55139,18039,16
55139,18089,26
55139,19103,12
55139,19113,6
55139,19153,10
55139,21111,8
55139,26055,6
55139,26163,18
55139,27003,62
55139,27047,6
55139,27053,60
55139,31055,8
55139,32003,4
55139,34035,10
55139,36029,62
55139,39049,6
55139,39173,4
55139,46011,40
55139,48113,48
55139,48465,20
55139,55001,88
55139,55009,2300
55139,55015,1610
55139,55019,48
55139,55021,42
55139,55025,330
55139,55027,374
55139,55029,18
55139,55033,14
55139,55035,34
55139,55039,5860
55139,55045,48
55139,55047,1662
55139,55053,50
55139,55059,28
55139,55061,56
55139,55063,12
55139,55071,214
55139,55073,62
55139,55075,54
55139,55077,12
55139,55079,576
55139,55083,20
55139,55087,29614
55139,55089,52
55139,55097,50
55139,55099,50
55139,55101,16
55139,55103,16
55139,55105,50
55139,55111,28
55139,55117,188
55139,55121,16
55139,55127,24
55139,55131,194
55139,55133,366
55139,55135,988
55139,55137,470
55139,55141,12
55141,17031,50
55141,17037,6
55141,17043,6
55141,17097,4
55141,17161,4
55141,19103,2
55141,19139,4
55141,22125,8
55141,24031,34
55141,26053,46
55141,26163,8
55141,27003,22
55141,27037,12
55141,27053,12
55141,27071,2
55141,27123,16
55141,42015,4
55141,42117,6
55141,48085,8
55141,51059,16
55141,54049,4
55141,55001,548
55141,55009,36
55141,55011,4
55141,55017,10
55141,55019,622
55141,55021,36
55141,55025,236
55141,55027,14
55141,55035,110
55141,55039,14
55141,55041,8
55141,55043,2
55141,55053,114
55141,55057,258
55141,55059,30
55141,55063,12
55141,55067,14
55141,55069,16
55141,55073,4322
55141,55077,78
55141,55079,38
55141,55081,210
55141,55083,4
55141,55085,14
55141,55087,34
55141,55089,30
55141,55095,4
55141,55097,6740
55141,55099,16
55141,55101,44
55141,55103,34
55141,55109,12
55141,55111,52
55141,55115,14
55141,55119,126
55141,55125,40
55141,55127,6
55141,55131,4
55141,55133,68
55141,55135,118
55141,55137,294
55141,55139,90
